create table pais(
codigo varchar(4) primary key not null,
nombre varchar(80) not null
);

create table departamento(
codigo varchar(4) primary key not null,
nombre varchar(80) not null,
codpais varchar REFERENCES pais(codigo) on delete restrict on update cascade not null
);

create table ciudad(
codigo varchar(5) primary key not null,
nombre varchar(80) not null,
coddepartamento varchar REFERENCES departamento(codigo) on delete restrict on update cascade not null
);

INSERT INTO public.pais (codigo, nombre) VALUES ('013', 'AFGANISTAN');
INSERT INTO public.pais (codigo, nombre) VALUES ('017', 'ALBANIA');
INSERT INTO public.pais (codigo, nombre) VALUES ('023', 'ALEMANIA');
INSERT INTO public.pais (codigo, nombre) VALUES ('026', 'ARMENIA');
INSERT INTO public.pais (codigo, nombre) VALUES ('027', 'ARUBA');
INSERT INTO public.pais (codigo, nombre) VALUES ('029', 'BOSNIA-HERZEGOVINA');
INSERT INTO public.pais (codigo, nombre) VALUES ('031', 'BURKINA FASSO');
INSERT INTO public.pais (codigo, nombre) VALUES ('037', 'ANDORRA');
INSERT INTO public.pais (codigo, nombre) VALUES ('040', 'ANGOLA');
INSERT INTO public.pais (codigo, nombre) VALUES ('041', 'ANGUILLA');
INSERT INTO public.pais (codigo, nombre) VALUES ('043', 'ANTIGUA Y BARBUDA');
INSERT INTO public.pais (codigo, nombre) VALUES ('047', 'ANTILLAS HOLANDESAS');
INSERT INTO public.pais (codigo, nombre) VALUES ('053', 'ARABIA SAUDITA');
INSERT INTO public.pais (codigo, nombre) VALUES ('059', 'ARGELIA');
INSERT INTO public.pais (codigo, nombre) VALUES ('063', 'ARGENTINA');
INSERT INTO public.pais (codigo, nombre) VALUES ('069', 'AUSTRALIA');
INSERT INTO public.pais (codigo, nombre) VALUES ('072', 'AUSTRIA');
INSERT INTO public.pais (codigo, nombre) VALUES ('074', 'AZERBAIJAN');
INSERT INTO public.pais (codigo, nombre) VALUES ('077', 'BAHAMAS');
INSERT INTO public.pais (codigo, nombre) VALUES ('080', 'BAHREIN');
INSERT INTO public.pais (codigo, nombre) VALUES ('081', 'BANGLADESH');
INSERT INTO public.pais (codigo, nombre) VALUES ('083', 'BARBADOS');
INSERT INTO public.pais (codigo, nombre) VALUES ('087', 'BELGICA');
INSERT INTO public.pais (codigo, nombre) VALUES ('088', 'BELICE');
INSERT INTO public.pais (codigo, nombre) VALUES ('090', 'BERMUDAS');
INSERT INTO public.pais (codigo, nombre) VALUES ('091', 'BELARUS');
INSERT INTO public.pais (codigo, nombre) VALUES ('093', 'BIRMANIA (MYANMAR)');
INSERT INTO public.pais (codigo, nombre) VALUES ('097', 'BOLIVIA');
INSERT INTO public.pais (codigo, nombre) VALUES ('101', 'BOTSWANA');
INSERT INTO public.pais (codigo, nombre) VALUES ('105', 'BRASIL');
INSERT INTO public.pais (codigo, nombre) VALUES ('108', 'BRUNEI DARUSSALAM');
INSERT INTO public.pais (codigo, nombre) VALUES ('111', 'BULGARIA');
INSERT INTO public.pais (codigo, nombre) VALUES ('115', 'BURUNDI');
INSERT INTO public.pais (codigo, nombre) VALUES ('119', 'BUTAN');
INSERT INTO public.pais (codigo, nombre) VALUES ('127', 'CABO VERDE');
INSERT INTO public.pais (codigo, nombre) VALUES ('137', 'CAIMAN, ISLAS ');
INSERT INTO public.pais (codigo, nombre) VALUES ('145', 'CAMERUN, REPUBLICA UNIDA DEL');
INSERT INTO public.pais (codigo, nombre) VALUES ('149', 'CANADA');
INSERT INTO public.pais (codigo, nombre) VALUES ('165', 'COCOS (KEELING), ISLAS');
INSERT INTO public.pais (codigo, nombre) VALUES ('173', 'COMORAS');
INSERT INTO public.pais (codigo, nombre) VALUES ('177', 'CONGO');
INSERT INTO public.pais (codigo, nombre) VALUES ('183', 'COOK, ISLAS');
INSERT INTO public.pais (codigo, nombre) VALUES ('187', 'COREA (NORTE), REPUBLICA POPULAR DEMOCRATICA DE');
INSERT INTO public.pais (codigo, nombre) VALUES ('190', 'COREA (SUR), REPUBLICA DE');
INSERT INTO public.pais (codigo, nombre) VALUES ('193', 'COSTA DE MARFIL');
INSERT INTO public.pais (codigo, nombre) VALUES ('196', 'COSTA RICA');
INSERT INTO public.pais (codigo, nombre) VALUES ('198', 'CROACIA');
INSERT INTO public.pais (codigo, nombre) VALUES ('199', 'CUBA');
INSERT INTO public.pais (codigo, nombre) VALUES ('203', 'CHAD');
INSERT INTO public.pais (codigo, nombre) VALUES ('211', 'CHILE');
INSERT INTO public.pais (codigo, nombre) VALUES ('215', 'CHINA');
INSERT INTO public.pais (codigo, nombre) VALUES ('218', 'TAIWAN (FORMOSA)');
INSERT INTO public.pais (codigo, nombre) VALUES ('221', 'CHIPRE');
INSERT INTO public.pais (codigo, nombre) VALUES ('229', 'BENIN');
INSERT INTO public.pais (codigo, nombre) VALUES ('232', 'DINAMARCA');
INSERT INTO public.pais (codigo, nombre) VALUES ('235', 'DOMINICA');
INSERT INTO public.pais (codigo, nombre) VALUES ('239', 'ECUADOR');
INSERT INTO public.pais (codigo, nombre) VALUES ('240', 'EGIPTO');
INSERT INTO public.pais (codigo, nombre) VALUES ('242', 'EL SALVADOR');
INSERT INTO public.pais (codigo, nombre) VALUES ('243', 'ERITREA');
INSERT INTO public.pais (codigo, nombre) VALUES ('244', 'EMIRATOS ARABES UNIDOS');
INSERT INTO public.pais (codigo, nombre) VALUES ('245', 'ESPAÃ‘A');
INSERT INTO public.pais (codigo, nombre) VALUES ('246', 'ESLOVAQUIA');
INSERT INTO public.pais (codigo, nombre) VALUES ('247', 'ESLOVENIA');
INSERT INTO public.pais (codigo, nombre) VALUES ('249', 'ESTADOS UNIDOS');
INSERT INTO public.pais (codigo, nombre) VALUES ('251', 'ESTONIA');
INSERT INTO public.pais (codigo, nombre) VALUES ('253', 'ETIOPIA');
INSERT INTO public.pais (codigo, nombre) VALUES ('259', 'FEROE, ISLAS');
INSERT INTO public.pais (codigo, nombre) VALUES ('267', 'FILIPINAS');
INSERT INTO public.pais (codigo, nombre) VALUES ('271', 'FINLANDIA');
INSERT INTO public.pais (codigo, nombre) VALUES ('275', 'FRANCIA');
INSERT INTO public.pais (codigo, nombre) VALUES ('281', 'GABON');
INSERT INTO public.pais (codigo, nombre) VALUES ('285', 'GAMBIA');
INSERT INTO public.pais (codigo, nombre) VALUES ('287', 'GEORGIA');
INSERT INTO public.pais (codigo, nombre) VALUES ('289', 'GHANA');
INSERT INTO public.pais (codigo, nombre) VALUES ('293', 'GIBRALTAR');
INSERT INTO public.pais (codigo, nombre) VALUES ('297', 'GRANADA');
INSERT INTO public.pais (codigo, nombre) VALUES ('301', 'GRECIA');
INSERT INTO public.pais (codigo, nombre) VALUES ('305', 'GROENLANDIA');
INSERT INTO public.pais (codigo, nombre) VALUES ('309', 'GUADALUPE');
INSERT INTO public.pais (codigo, nombre) VALUES ('313', 'GUAM');
INSERT INTO public.pais (codigo, nombre) VALUES ('317', 'GUATEMALA');
INSERT INTO public.pais (codigo, nombre) VALUES ('325', 'GUAYANA FRANCESA');
INSERT INTO public.pais (codigo, nombre) VALUES ('329', 'GUINEA');
INSERT INTO public.pais (codigo, nombre) VALUES ('331', 'GUINEA ECUATORIAL');
INSERT INTO public.pais (codigo, nombre) VALUES ('334', 'GUINEA-BISSAU');
INSERT INTO public.pais (codigo, nombre) VALUES ('337', 'GUYANA');
INSERT INTO public.pais (codigo, nombre) VALUES ('341', 'HAITI');
INSERT INTO public.pais (codigo, nombre) VALUES ('345', 'HONDURAS');
INSERT INTO public.pais (codigo, nombre) VALUES ('351', 'HONG KONG');
INSERT INTO public.pais (codigo, nombre) VALUES ('355', 'HUNGRIA');
INSERT INTO public.pais (codigo, nombre) VALUES ('361', 'INDIA');
INSERT INTO public.pais (codigo, nombre) VALUES ('365', 'INDONESIA');
INSERT INTO public.pais (codigo, nombre) VALUES ('369', 'IRAK');
INSERT INTO public.pais (codigo, nombre) VALUES ('372', 'IRAN, REPUBLICA ISLAMICA DEL');
INSERT INTO public.pais (codigo, nombre) VALUES ('375', 'IRLANDA (EIRE)');
INSERT INTO public.pais (codigo, nombre) VALUES ('379', 'ISLANDIA');
INSERT INTO public.pais (codigo, nombre) VALUES ('383', 'ISRAEL');
INSERT INTO public.pais (codigo, nombre) VALUES ('386', 'ITALIA');
INSERT INTO public.pais (codigo, nombre) VALUES ('391', 'JAMAICA');
INSERT INTO public.pais (codigo, nombre) VALUES ('399', 'JAPON');
INSERT INTO public.pais (codigo, nombre) VALUES ('403', 'JORDANIA');
INSERT INTO public.pais (codigo, nombre) VALUES ('406', 'KAZAJSTAN');
INSERT INTO public.pais (codigo, nombre) VALUES ('410', 'KENIA');
INSERT INTO public.pais (codigo, nombre) VALUES ('411', 'KIRIBATI');
INSERT INTO public.pais (codigo, nombre) VALUES ('412', 'KIRGUIZISTAN');
INSERT INTO public.pais (codigo, nombre) VALUES ('413', 'KUWAIT');
INSERT INTO public.pais (codigo, nombre) VALUES ('420', 'LAOS REPUBLICA POPULAR DEMOCRATICA DE');
INSERT INTO public.pais (codigo, nombre) VALUES ('426', 'LESOTHO');
INSERT INTO public.pais (codigo, nombre) VALUES ('429', 'LETONIA');
INSERT INTO public.pais (codigo, nombre) VALUES ('431', 'LIBANO');
INSERT INTO public.pais (codigo, nombre) VALUES ('434', 'LIBERIA ');
INSERT INTO public.pais (codigo, nombre) VALUES ('438', 'LIBIA (INCLUYE FEZZAN)');
INSERT INTO public.pais (codigo, nombre) VALUES ('443', 'LITUANIA');
INSERT INTO public.pais (codigo, nombre) VALUES ('445', 'LUXEMBURGO');
INSERT INTO public.pais (codigo, nombre) VALUES ('447', 'MACAO');
INSERT INTO public.pais (codigo, nombre) VALUES ('448', 'MACEDONIA');
INSERT INTO public.pais (codigo, nombre) VALUES ('450', 'MADAGASCAR');
INSERT INTO public.pais (codigo, nombre) VALUES ('455', 'MALAYSIA');
INSERT INTO public.pais (codigo, nombre) VALUES ('458', 'MALAWI');
INSERT INTO public.pais (codigo, nombre) VALUES ('461', 'MALDIVAS');
INSERT INTO public.pais (codigo, nombre) VALUES ('464', 'MALI');
INSERT INTO public.pais (codigo, nombre) VALUES ('467', 'MALTA');
INSERT INTO public.pais (codigo, nombre) VALUES ('469', 'MARIANAS DEL NORTE, ISLAS');
INSERT INTO public.pais (codigo, nombre) VALUES ('472', 'MARSHALL, ISLAS');
INSERT INTO public.pais (codigo, nombre) VALUES ('474', 'MARRUECOS');
INSERT INTO public.pais (codigo, nombre) VALUES ('477', 'MARTINICA');
INSERT INTO public.pais (codigo, nombre) VALUES ('485', 'MAURICIO');
INSERT INTO public.pais (codigo, nombre) VALUES ('488', 'MAURITANIA');
INSERT INTO public.pais (codigo, nombre) VALUES ('493', 'MEXICO');
INSERT INTO public.pais (codigo, nombre) VALUES ('494', 'MICRONESIA, ESTADOS FEDERADOS DE');
INSERT INTO public.pais (codigo, nombre) VALUES ('496', 'MOLDAVIA');
INSERT INTO public.pais (codigo, nombre) VALUES ('497', 'MONGOLIA');
INSERT INTO public.pais (codigo, nombre) VALUES ('498', 'MONACO');
INSERT INTO public.pais (codigo, nombre) VALUES ('501', 'MONSERRAT, ISLA');
INSERT INTO public.pais (codigo, nombre) VALUES ('505', 'MOZAMBIQUE');
INSERT INTO public.pais (codigo, nombre) VALUES ('507', 'NAMIBIA');
INSERT INTO public.pais (codigo, nombre) VALUES ('508', 'NAURU');
INSERT INTO public.pais (codigo, nombre) VALUES ('511', 'NAVIDAD (CHRISTMAS), ISLAS');
INSERT INTO public.pais (codigo, nombre) VALUES ('517', 'NEPAL');
INSERT INTO public.pais (codigo, nombre) VALUES ('521', 'NICARAGUA');
INSERT INTO public.pais (codigo, nombre) VALUES ('525', 'NIGER');
INSERT INTO public.pais (codigo, nombre) VALUES ('528', 'NIGERIA');
INSERT INTO public.pais (codigo, nombre) VALUES ('531', 'NIUE, ISLA');
INSERT INTO public.pais (codigo, nombre) VALUES ('535', 'NORFOLK, ISLA');
INSERT INTO public.pais (codigo, nombre) VALUES ('538', 'NORUEGA');
INSERT INTO public.pais (codigo, nombre) VALUES ('542', 'NUEVA CALEDONIA');
INSERT INTO public.pais (codigo, nombre) VALUES ('545', 'PAPUASIA NUEVA GUINEA');
INSERT INTO public.pais (codigo, nombre) VALUES ('548', 'NUEVA ZELANDIA');
INSERT INTO public.pais (codigo, nombre) VALUES ('551', 'VANUATU');
INSERT INTO public.pais (codigo, nombre) VALUES ('556', 'OMAN');
INSERT INTO public.pais (codigo, nombre) VALUES ('566', 'PACIFICO, ISLAS (USA)');
INSERT INTO public.pais (codigo, nombre) VALUES ('576', 'PAKISTAN');
INSERT INTO public.pais (codigo, nombre) VALUES ('578', 'PALAU, ISLAS');
INSERT INTO public.pais (codigo, nombre) VALUES ('580', 'PANAMA');
INSERT INTO public.pais (codigo, nombre) VALUES ('586', 'PARAGUAY');
INSERT INTO public.pais (codigo, nombre) VALUES ('589', 'PERU');
INSERT INTO public.pais (codigo, nombre) VALUES ('593', 'PITCAIRN, ISLA');
INSERT INTO public.pais (codigo, nombre) VALUES ('599', 'POLINESIA FRANCESA');
INSERT INTO public.pais (codigo, nombre) VALUES ('603', 'POLONIA');
INSERT INTO public.pais (codigo, nombre) VALUES ('607', 'PORTUGAL');
INSERT INTO public.pais (codigo, nombre) VALUES ('611', 'PUERTO RICO');
INSERT INTO public.pais (codigo, nombre) VALUES ('618', 'QATAR');
INSERT INTO public.pais (codigo, nombre) VALUES ('628', 'REINO UNIDO');
INSERT INTO public.pais (codigo, nombre) VALUES ('640', 'REPUBLICA CENTROAFRICANA');
INSERT INTO public.pais (codigo, nombre) VALUES ('644', 'REPUBLICA CHECA');
INSERT INTO public.pais (codigo, nombre) VALUES ('647', 'REPUBLICA DOMINICANA');
INSERT INTO public.pais (codigo, nombre) VALUES ('169', 'COLOMBIA');
INSERT INTO public.pais (codigo, nombre) VALUES ('660', 'REUNION');
INSERT INTO public.pais (codigo, nombre) VALUES ('665', 'ZIMBABWE');
INSERT INTO public.pais (codigo, nombre) VALUES ('670', 'RUMANIA');
INSERT INTO public.pais (codigo, nombre) VALUES ('675', 'RUANDA');
INSERT INTO public.pais (codigo, nombre) VALUES ('676', 'RUSIA');
INSERT INTO public.pais (codigo, nombre) VALUES ('677', 'SALOMON, ISLAS');
INSERT INTO public.pais (codigo, nombre) VALUES ('685', 'SAHARA OCCIDENTAL');
INSERT INTO public.pais (codigo, nombre) VALUES ('687', 'SAMOA');
INSERT INTO public.pais (codigo, nombre) VALUES ('690', 'SAMOA NORTEAMERICANA');
INSERT INTO public.pais (codigo, nombre) VALUES ('695', 'SAN CRISTOBAL Y NIEVES');
INSERT INTO public.pais (codigo, nombre) VALUES ('697', 'SAN MARINO');
INSERT INTO public.pais (codigo, nombre) VALUES ('700', 'SAN PEDRO Y MIGUELON');
INSERT INTO public.pais (codigo, nombre) VALUES ('705', 'SAN VICENTE Y LAS GRANADINAS');
INSERT INTO public.pais (codigo, nombre) VALUES ('710', 'SANTA ELENA');
INSERT INTO public.pais (codigo, nombre) VALUES ('715', 'SANTA LUCIA');
INSERT INTO public.pais (codigo, nombre) VALUES ('720', 'SANTO TOME Y PRINCIPE');
INSERT INTO public.pais (codigo, nombre) VALUES ('728', 'SENEGAL');
INSERT INTO public.pais (codigo, nombre) VALUES ('731', 'SEYCHELLES');
INSERT INTO public.pais (codigo, nombre) VALUES ('735', 'SIERRA LEONA');
INSERT INTO public.pais (codigo, nombre) VALUES ('741', 'SINGAPUR');
INSERT INTO public.pais (codigo, nombre) VALUES ('744', 'SIRIA, REPUBLICA ARABE DE');
INSERT INTO public.pais (codigo, nombre) VALUES ('748', 'SOMALIA');
INSERT INTO public.pais (codigo, nombre) VALUES ('750', 'SRI LANKA');
INSERT INTO public.pais (codigo, nombre) VALUES ('756', 'SUDAFRICA');
INSERT INTO public.pais (codigo, nombre) VALUES ('764', 'SUECIA');
INSERT INTO public.pais (codigo, nombre) VALUES ('767', 'SUIZA');
INSERT INTO public.pais (codigo, nombre) VALUES ('770', 'SURINAM');
INSERT INTO public.pais (codigo, nombre) VALUES ('773', 'SWAZILANDIA');
INSERT INTO public.pais (codigo, nombre) VALUES ('774', 'TADJIKISTAN');
INSERT INTO public.pais (codigo, nombre) VALUES ('776', 'TAILANDIA');
INSERT INTO public.pais (codigo, nombre) VALUES ('780', 'TANZANIA, REPUBLICA UNIDA DE');
INSERT INTO public.pais (codigo, nombre) VALUES ('783', 'DJIBOUTI');
INSERT INTO public.pais (codigo, nombre) VALUES ('787', 'TERRITORIO BRITANICO DEL OCEANO INDICO');
INSERT INTO public.pais (codigo, nombre) VALUES ('788', 'TIMOR DEL ESTE');
INSERT INTO public.pais (codigo, nombre) VALUES ('800', 'TOGO');
INSERT INTO public.pais (codigo, nombre) VALUES ('805', 'TOKELAU');
INSERT INTO public.pais (codigo, nombre) VALUES ('810', 'TONGA');
INSERT INTO public.pais (codigo, nombre) VALUES ('815', 'TRINIDAD Y TOBAGO');
INSERT INTO public.pais (codigo, nombre) VALUES ('820', 'TUNICIA');
INSERT INTO public.pais (codigo, nombre) VALUES ('823', 'TURCAS Y CAICOS, ISLAS');
INSERT INTO public.pais (codigo, nombre) VALUES ('825', 'TURKMENISTAN');
INSERT INTO public.pais (codigo, nombre) VALUES ('827', 'TURQUIA');
INSERT INTO public.pais (codigo, nombre) VALUES ('828', 'TUVALU');
INSERT INTO public.pais (codigo, nombre) VALUES ('830', 'UCRANIA');
INSERT INTO public.pais (codigo, nombre) VALUES ('833', 'UGANDA');
INSERT INTO public.pais (codigo, nombre) VALUES ('845', 'URUGUAY');
INSERT INTO public.pais (codigo, nombre) VALUES ('847', 'UZBEKISTAN');
INSERT INTO public.pais (codigo, nombre) VALUES ('850', 'VENEZUELA');
INSERT INTO public.pais (codigo, nombre) VALUES ('855', 'VIET NAM');
INSERT INTO public.pais (codigo, nombre) VALUES ('863', 'VIRGENES, ISLAS (BRITANICAS)');
INSERT INTO public.pais (codigo, nombre) VALUES ('866', 'VIRGENES, ISLAS (NORTEAMERICANAS)');
INSERT INTO public.pais (codigo, nombre) VALUES ('870', 'FIJI');
INSERT INTO public.pais (codigo, nombre) VALUES ('875', 'WALLIS Y FORTUNA, ISLAS');
INSERT INTO public.pais (codigo, nombre) VALUES ('880', 'YEMEN');
INSERT INTO public.pais (codigo, nombre) VALUES ('885', 'YUGOSLAVIA');
INSERT INTO public.pais (codigo, nombre) VALUES ('888', 'ZAIRE');
INSERT INTO public.pais (codigo, nombre) VALUES ('890', 'ZAMBIA');
INSERT INTO public.pais (codigo, nombre) VALUES ('897', 'ZONA NEUTRAL PALESTINA');


INSERT INTO public.departamento (codigo, nombre, codpais) VALUES ('52', 'Nariño', '169');
INSERT INTO public.departamento (codigo, nombre, codpais) VALUES ('5', 'Antioquia', '169');
INSERT INTO public.departamento (codigo, nombre, codpais) VALUES ('8', 'Atlántico', '169');
INSERT INTO public.departamento (codigo, nombre, codpais) VALUES ('9', 'Barranquilla d.e', '169');
INSERT INTO public.departamento (codigo, nombre, codpais) VALUES ('11', 'Santa fe de bogotá d.c.', '169');
INSERT INTO public.departamento (codigo, nombre, codpais) VALUES ('13', 'Bolívar', '169');
INSERT INTO public.departamento (codigo, nombre, codpais) VALUES ('14', 'Cartagena d.e.', '169');
INSERT INTO public.departamento (codigo, nombre, codpais) VALUES ('15', 'Boyaca', '169');
INSERT INTO public.departamento (codigo, nombre, codpais) VALUES ('17', 'Caldas', '169');
INSERT INTO public.departamento (codigo, nombre, codpais) VALUES ('18', 'Caquetá', '169');
INSERT INTO public.departamento (codigo, nombre, codpais) VALUES ('19', 'Cauca', '169');
INSERT INTO public.departamento (codigo, nombre, codpais) VALUES ('20', 'Cesar', '169');
INSERT INTO public.departamento (codigo, nombre, codpais) VALUES ('23', 'Córdoba', '169');
INSERT INTO public.departamento (codigo, nombre, codpais) VALUES ('25', 'Cundinamarca', '169');
INSERT INTO public.departamento (codigo, nombre, codpais) VALUES ('27', 'Chocó', '169');
INSERT INTO public.departamento (codigo, nombre, codpais) VALUES ('41', 'Huila', '169');
INSERT INTO public.departamento (codigo, nombre, codpais) VALUES ('44', 'La guajira', '169');
INSERT INTO public.departamento (codigo, nombre, codpais) VALUES ('47', 'Magdalena', '169');
INSERT INTO public.departamento (codigo, nombre, codpais) VALUES ('48', 'Santamarta d.e', '169');
INSERT INTO public.departamento (codigo, nombre, codpais) VALUES ('50', 'Meta', '169');
INSERT INTO public.departamento (codigo, nombre, codpais) VALUES ('54', 'Norte de santander', '169');
INSERT INTO public.departamento (codigo, nombre, codpais) VALUES ('63', 'Quindio', '169');
INSERT INTO public.departamento (codigo, nombre, codpais) VALUES ('66', 'Risaralda', '169');
INSERT INTO public.departamento (codigo, nombre, codpais) VALUES ('68', 'Santander', '169');
INSERT INTO public.departamento (codigo, nombre, codpais) VALUES ('70', 'Sucre', '169');
INSERT INTO public.departamento (codigo, nombre, codpais) VALUES ('73', 'Tolima', '169');
INSERT INTO public.departamento (codigo, nombre, codpais) VALUES ('76', 'Valle', '169');
INSERT INTO public.departamento (codigo, nombre, codpais) VALUES ('81', 'Arauca', '169');
INSERT INTO public.departamento (codigo, nombre, codpais) VALUES ('85', 'Casanare', '169');
INSERT INTO public.departamento (codigo, nombre, codpais) VALUES ('86', 'Putumayo', '169');
INSERT INTO public.departamento (codigo, nombre, codpais) VALUES ('88', 'San andrés', '169');
INSERT INTO public.departamento (codigo, nombre, codpais) VALUES ('91', 'Amazonas', '169');
INSERT INTO public.departamento (codigo, nombre, codpais) VALUES ('94', 'Guainía', '169');
INSERT INTO public.departamento (codigo, nombre, codpais) VALUES ('95', 'Guaviare', '169');
INSERT INTO public.departamento (codigo, nombre, codpais) VALUES ('97', 'Vaupés', '169');
INSERT INTO public.departamento (codigo, nombre, codpais) VALUES ('99', 'Vichada', '169');



INSERT INTO public.ciudad (codigo, nombre, coddepartamento) VALUES ('5001', 'Medellin', '5');
INSERT INTO public.ciudad (codigo, nombre, coddepartamento) VALUES ('76275', 'Florida', '76');
INSERT INTO public.ciudad (codigo, nombre, coddepartamento) VALUES ('54820', 'Toledo', '54');
INSERT INTO public.ciudad (codigo, nombre, coddepartamento) VALUES ('54871', 'Villa caro', '54');
INSERT INTO public.ciudad (codigo, nombre, coddepartamento) VALUES ('54874', 'Villa del rosario', '54');
INSERT INTO public.ciudad (codigo, nombre, coddepartamento) VALUES ('63001', 'Armenia', '63');
INSERT INTO public.ciudad (codigo, nombre, coddepartamento) VALUES ('63111', 'Buenavista', '63');
INSERT INTO public.ciudad (codigo, nombre, coddepartamento) VALUES ('63130', 'Calarca', '63');
INSERT INTO public.ciudad (codigo, nombre, coddepartamento) VALUES ('63190', 'Circasia', '63');
INSERT INTO public.ciudad (codigo, nombre, coddepartamento) VALUES ('63212', 'Cordoba', '63');
INSERT INTO public.ciudad (codigo, nombre, coddepartamento) VALUES ('63272', 'Filandia', '63');
INSERT INTO public.ciudad (codigo, nombre, coddepartamento) VALUES ('63302', 'Genova', '63');
INSERT INTO public.ciudad (codigo, nombre, coddepartamento) VALUES ('63401', 'La tebaida', '63');
INSERT INTO public.ciudad (codigo, nombre, coddepartamento) VALUES ('63470', 'Montenegro', '63');
INSERT INTO public.ciudad (codigo, nombre, coddepartamento) VALUES ('63548', 'Pijao', '63');
INSERT INTO public.ciudad (codigo, nombre, coddepartamento) VALUES ('63594', 'Quimbaya', '63');
INSERT INTO public.ciudad (codigo, nombre, coddepartamento) VALUES ('63690', 'Salento', '63');
INSERT INTO public.ciudad (codigo, nombre, coddepartamento) VALUES ('66001', 'Pereira', '66');
INSERT INTO public.ciudad (codigo, nombre, coddepartamento) VALUES ('66045', 'Apia', '66');
INSERT INTO public.ciudad (codigo, nombre, coddepartamento) VALUES ('66075', 'Balboa', '66');
INSERT INTO public.ciudad (codigo, nombre, coddepartamento) VALUES ('66088', 'Belen de umbria', '66');
INSERT INTO public.ciudad (codigo, nombre, coddepartamento) VALUES ('66170', 'Dos quebradas', '66');
INSERT INTO public.ciudad (codigo, nombre, coddepartamento) VALUES ('66318', 'Guatica', '66');
INSERT INTO public.ciudad (codigo, nombre, coddepartamento) VALUES ('66383', 'La celia', '66');
INSERT INTO public.ciudad (codigo, nombre, coddepartamento) VALUES ('66400', 'La virginia', '66');
INSERT INTO public.ciudad (codigo, nombre, coddepartamento) VALUES ('66440', 'Marsella', '66');
INSERT INTO public.ciudad (codigo, nombre, coddepartamento) VALUES ('66456', 'Mistrato', '66');
INSERT INTO public.ciudad (codigo, nombre, coddepartamento) VALUES ('66572', 'Pueblo rico', '66');
INSERT INTO public.ciudad (codigo, nombre, coddepartamento) VALUES ('66594', 'Quinchia', '66');
INSERT INTO public.ciudad (codigo, nombre, coddepartamento) VALUES ('66682', 'Santa rosa de cabal', '66');
INSERT INTO public.ciudad (codigo, nombre, coddepartamento) VALUES ('66687', 'Santuario', '66');
INSERT INTO public.ciudad (codigo, nombre, coddepartamento) VALUES ('68001', 'Bucaramanga', '68');
INSERT INTO public.ciudad (codigo, nombre, coddepartamento) VALUES ('68013', 'Aguada', '68');
INSERT INTO public.ciudad (codigo, nombre, coddepartamento) VALUES ('68020', 'Albania', '68');
INSERT INTO public.ciudad (codigo, nombre, coddepartamento) VALUES ('68051', 'Aratoca', '68');
INSERT INTO public.ciudad (codigo, nombre, coddepartamento) VALUES ('68077', 'Barbosa', '68');
INSERT INTO public.ciudad (codigo, nombre, coddepartamento) VALUES ('68079', 'Barichara', '68');
INSERT INTO public.ciudad (codigo, nombre, coddepartamento) VALUES ('68081', 'Barrancabermeja', '68');
INSERT INTO public.ciudad (codigo, nombre, coddepartamento) VALUES ('68092', 'Betulia', '68');
INSERT INTO public.ciudad (codigo, nombre, coddepartamento) VALUES ('68101', 'Bolivar', '68');
INSERT INTO public.ciudad (codigo, nombre, coddepartamento) VALUES ('68121', 'Cabrera', '68');
INSERT INTO public.ciudad (codigo, nombre, coddepartamento) VALUES ('68132', 'California', '68');
INSERT INTO public.ciudad (codigo, nombre, coddepartamento) VALUES ('68147', 'Capitanejo', '68');
INSERT INTO public.ciudad (codigo, nombre, coddepartamento) VALUES ('68152', 'Carcasi', '68');
INSERT INTO public.ciudad (codigo, nombre, coddepartamento) VALUES ('68160', 'Cepita', '68');
INSERT INTO public.ciudad (codigo, nombre, coddepartamento) VALUES ('68162', 'Cerrito', '68');
INSERT INTO public.ciudad (codigo, nombre, coddepartamento) VALUES ('68167', 'Charala', '68');
INSERT INTO public.ciudad (codigo, nombre, coddepartamento) VALUES ('68169', 'Charta', '68');
INSERT INTO public.ciudad (codigo, nombre, coddepartamento) VALUES ('68176', 'Chima', '68');
INSERT INTO public.ciudad (codigo, nombre, coddepartamento) VALUES ('68179', 'Chipata', '68');
INSERT INTO public.ciudad (codigo, nombre, coddepartamento) VALUES ('68190', 'Cimitarra', '68');
INSERT INTO public.ciudad (codigo, nombre, coddepartamento) VALUES ('68207', 'Concepcion', '68');
INSERT INTO public.ciudad (codigo, nombre, coddepartamento) VALUES ('68209', 'Confines', '68');
INSERT INTO public.ciudad (codigo, nombre, coddepartamento) VALUES ('68211', 'Contratacion', '68');
INSERT INTO public.ciudad (codigo, nombre, coddepartamento) VALUES ('68217', 'Coromoro', '68');
INSERT INTO public.ciudad (codigo, nombre, coddepartamento) VALUES ('68229', 'Curiti', '68');
INSERT INTO public.ciudad (codigo, nombre, coddepartamento) VALUES ('68235', 'El carmen', '68');
INSERT INTO public.ciudad (codigo, nombre, coddepartamento) VALUES ('68245', 'El guacamayo', '68');
INSERT INTO public.ciudad (codigo, nombre, coddepartamento) VALUES ('68250', 'El peñon', '68');
INSERT INTO public.ciudad (codigo, nombre, coddepartamento) VALUES ('68255', 'El playon', '68');
INSERT INTO public.ciudad (codigo, nombre, coddepartamento) VALUES ('68264', 'Encino', '68');
INSERT INTO public.ciudad (codigo, nombre, coddepartamento) VALUES ('68266', 'Enciso', '68');
INSERT INTO public.ciudad (codigo, nombre, coddepartamento) VALUES ('68271', 'Florian', '68');
INSERT INTO public.ciudad (codigo, nombre, coddepartamento) VALUES ('68276', 'Floridablanca', '68');
INSERT INTO public.ciudad (codigo, nombre, coddepartamento) VALUES ('68296', 'Galan', '68');
INSERT INTO public.ciudad (codigo, nombre, coddepartamento) VALUES ('68298', 'Gambita', '68');
INSERT INTO public.ciudad (codigo, nombre, coddepartamento) VALUES ('68307', 'Giron', '68');
INSERT INTO public.ciudad (codigo, nombre, coddepartamento) VALUES ('68318', 'Guaca', '68');
INSERT INTO public.ciudad (codigo, nombre, coddepartamento) VALUES ('68320', 'Guadalupe', '68');
INSERT INTO public.ciudad (codigo, nombre, coddepartamento) VALUES ('68322', 'Guapota', '68');
INSERT INTO public.ciudad (codigo, nombre, coddepartamento) VALUES ('68324', 'Guavata', '68');
INSERT INTO public.ciudad (codigo, nombre, coddepartamento) VALUES ('68327', 'Guepsa', '68');
INSERT INTO public.ciudad (codigo, nombre, coddepartamento) VALUES ('68344', 'Hato', '68');
INSERT INTO public.ciudad (codigo, nombre, coddepartamento) VALUES ('68368', 'Jesus maria', '68');
INSERT INTO public.ciudad (codigo, nombre, coddepartamento) VALUES ('68370', 'Jordan', '68');
INSERT INTO public.ciudad (codigo, nombre, coddepartamento) VALUES ('68377', 'La belleza', '68');
INSERT INTO public.ciudad (codigo, nombre, coddepartamento) VALUES ('68385', 'Landazuri', '68');
INSERT INTO public.ciudad (codigo, nombre, coddepartamento) VALUES ('68397', 'La paz', '68');
INSERT INTO public.ciudad (codigo, nombre, coddepartamento) VALUES ('68406', 'Lebrija', '68');
INSERT INTO public.ciudad (codigo, nombre, coddepartamento) VALUES ('68418', 'Los santos', '68');
INSERT INTO public.ciudad (codigo, nombre, coddepartamento) VALUES ('68425', 'Macaravita', '68');
INSERT INTO public.ciudad (codigo, nombre, coddepartamento) VALUES ('68432', 'Malaga', '68');
INSERT INTO public.ciudad (codigo, nombre, coddepartamento) VALUES ('68444', 'Matanza', '68');
INSERT INTO public.ciudad (codigo, nombre, coddepartamento) VALUES ('68464', 'Mogotes', '68');
INSERT INTO public.ciudad (codigo, nombre, coddepartamento) VALUES ('68468', 'Molagavita', '68');
INSERT INTO public.ciudad (codigo, nombre, coddepartamento) VALUES ('68498', 'Ocamonte', '68');
INSERT INTO public.ciudad (codigo, nombre, coddepartamento) VALUES ('68500', 'Oiba', '68');
INSERT INTO public.ciudad (codigo, nombre, coddepartamento) VALUES ('68502', 'Onzaga', '68');
INSERT INTO public.ciudad (codigo, nombre, coddepartamento) VALUES ('68522', 'Palmar', '68');
INSERT INTO public.ciudad (codigo, nombre, coddepartamento) VALUES ('68524', 'Palmas del socorro', '68');
INSERT INTO public.ciudad (codigo, nombre, coddepartamento) VALUES ('68533', 'Paramo', '68');
INSERT INTO public.ciudad (codigo, nombre, coddepartamento) VALUES ('68547', 'Piedecuesta', '68');
INSERT INTO public.ciudad (codigo, nombre, coddepartamento) VALUES ('68549', 'Pinchote', '68');
INSERT INTO public.ciudad (codigo, nombre, coddepartamento) VALUES ('68572', 'Puente nacional', '68');
INSERT INTO public.ciudad (codigo, nombre, coddepartamento) VALUES ('68573', 'Puerto parra', '68');
INSERT INTO public.ciudad (codigo, nombre, coddepartamento) VALUES ('68575', 'Puerto wilches', '68');
INSERT INTO public.ciudad (codigo, nombre, coddepartamento) VALUES ('68615', 'Rionegro', '68');
INSERT INTO public.ciudad (codigo, nombre, coddepartamento) VALUES ('68655', 'Sabana de torres', '68');
INSERT INTO public.ciudad (codigo, nombre, coddepartamento) VALUES ('68669', 'San andres', '68');
INSERT INTO public.ciudad (codigo, nombre, coddepartamento) VALUES ('68673', 'San benito', '68');
INSERT INTO public.ciudad (codigo, nombre, coddepartamento) VALUES ('68679', 'San gil', '68');
INSERT INTO public.ciudad (codigo, nombre, coddepartamento) VALUES ('68682', 'San joaquin', '68');
INSERT INTO public.ciudad (codigo, nombre, coddepartamento) VALUES ('68684', 'San jose de miranda', '68');
INSERT INTO public.ciudad (codigo, nombre, coddepartamento) VALUES ('68686', 'San miguel', '68');
INSERT INTO public.ciudad (codigo, nombre, coddepartamento) VALUES ('68689', 'San vicente de chucuri', '68');
INSERT INTO public.ciudad (codigo, nombre, coddepartamento) VALUES ('68705', 'Santa barbara', '68');
INSERT INTO public.ciudad (codigo, nombre, coddepartamento) VALUES ('68720', 'Santa helena del opon', '68');
INSERT INTO public.ciudad (codigo, nombre, coddepartamento) VALUES ('68745', 'Simacota', '68');
INSERT INTO public.ciudad (codigo, nombre, coddepartamento) VALUES ('68755', 'Socorro', '68');
INSERT INTO public.ciudad (codigo, nombre, coddepartamento) VALUES ('68770', 'Suaita', '68');
INSERT INTO public.ciudad (codigo, nombre, coddepartamento) VALUES ('68773', 'Sucre', '68');
INSERT INTO public.ciudad (codigo, nombre, coddepartamento) VALUES ('68780', 'Surata', '68');
INSERT INTO public.ciudad (codigo, nombre, coddepartamento) VALUES ('68820', 'Tona', '68');
INSERT INTO public.ciudad (codigo, nombre, coddepartamento) VALUES ('68855', 'Valle de san jose', '68');
INSERT INTO public.ciudad (codigo, nombre, coddepartamento) VALUES ('68861', 'Velez', '68');
INSERT INTO public.ciudad (codigo, nombre, coddepartamento) VALUES ('68867', 'Vetas', '68');
INSERT INTO public.ciudad (codigo, nombre, coddepartamento) VALUES ('68872', 'Villanueva', '68');
INSERT INTO public.ciudad (codigo, nombre, coddepartamento) VALUES ('68895', 'Zapatoca', '68');
INSERT INTO public.ciudad (codigo, nombre, coddepartamento) VALUES ('70001', 'Sincelejo', '70');
INSERT INTO public.ciudad (codigo, nombre, coddepartamento) VALUES ('70110', 'Buenavista', '70');
INSERT INTO public.ciudad (codigo, nombre, coddepartamento) VALUES ('70124', 'Caimito', '70');
INSERT INTO public.ciudad (codigo, nombre, coddepartamento) VALUES ('70204', 'Coloso', '70');
INSERT INTO public.ciudad (codigo, nombre, coddepartamento) VALUES ('70215', 'Corozal', '70');
INSERT INTO public.ciudad (codigo, nombre, coddepartamento) VALUES ('70230', 'Chalan', '70');
INSERT INTO public.ciudad (codigo, nombre, coddepartamento) VALUES ('70235', 'Galeras', '70');
INSERT INTO public.ciudad (codigo, nombre, coddepartamento) VALUES ('70265', 'Guaranda', '70');
INSERT INTO public.ciudad (codigo, nombre, coddepartamento) VALUES ('70400', 'La union', '70');
INSERT INTO public.ciudad (codigo, nombre, coddepartamento) VALUES ('70418', 'Los palmitos', '70');
INSERT INTO public.ciudad (codigo, nombre, coddepartamento) VALUES ('70429', 'Majagual', '70');
INSERT INTO public.ciudad (codigo, nombre, coddepartamento) VALUES ('70473', 'Morroa', '70');
INSERT INTO public.ciudad (codigo, nombre, coddepartamento) VALUES ('70508', 'Ovejas', '70');
INSERT INTO public.ciudad (codigo, nombre, coddepartamento) VALUES ('70523', 'Palmito', '70');
INSERT INTO public.ciudad (codigo, nombre, coddepartamento) VALUES ('70670', 'Sampues', '70');
INSERT INTO public.ciudad (codigo, nombre, coddepartamento) VALUES ('70678', 'San benito abad', '70');
INSERT INTO public.ciudad (codigo, nombre, coddepartamento) VALUES ('70702', 'San juan de betulia', '70');
INSERT INTO public.ciudad (codigo, nombre, coddepartamento) VALUES ('70708', 'San marcos', '70');
INSERT INTO public.ciudad (codigo, nombre, coddepartamento) VALUES ('70713', 'San onofre', '70');
INSERT INTO public.ciudad (codigo, nombre, coddepartamento) VALUES ('70717', 'San pedro', '70');
INSERT INTO public.ciudad (codigo, nombre, coddepartamento) VALUES ('70742', 'Since', '70');
INSERT INTO public.ciudad (codigo, nombre, coddepartamento) VALUES ('70771', 'Sucre', '70');
INSERT INTO public.ciudad (codigo, nombre, coddepartamento) VALUES ('70820', 'Tolu', '70');
INSERT INTO public.ciudad (codigo, nombre, coddepartamento) VALUES ('70823', 'Toluviejo', '70');
INSERT INTO public.ciudad (codigo, nombre, coddepartamento) VALUES ('73001', 'Ibague', '73');
INSERT INTO public.ciudad (codigo, nombre, coddepartamento) VALUES ('73024', 'Alpujarra', '73');
INSERT INTO public.ciudad (codigo, nombre, coddepartamento) VALUES ('73026', 'Alvarado', '73');
INSERT INTO public.ciudad (codigo, nombre, coddepartamento) VALUES ('73030', 'Ambalema', '73');
INSERT INTO public.ciudad (codigo, nombre, coddepartamento) VALUES ('73043', 'Anzoategui', '73');
INSERT INTO public.ciudad (codigo, nombre, coddepartamento) VALUES ('73055', 'Armero (guayabal)', '73');
INSERT INTO public.ciudad (codigo, nombre, coddepartamento) VALUES ('73067', 'Ataco', '73');
INSERT INTO public.ciudad (codigo, nombre, coddepartamento) VALUES ('73124', 'Cajamarca', '73');
INSERT INTO public.ciudad (codigo, nombre, coddepartamento) VALUES ('73148', 'Carmen de apicala', '73');
INSERT INTO public.ciudad (codigo, nombre, coddepartamento) VALUES ('73152', 'Casabianca', '73');
INSERT INTO public.ciudad (codigo, nombre, coddepartamento) VALUES ('73168', 'Chaparral', '73');
INSERT INTO public.ciudad (codigo, nombre, coddepartamento) VALUES ('73200', 'Coello', '73');
INSERT INTO public.ciudad (codigo, nombre, coddepartamento) VALUES ('73217', 'Coyaima', '73');
INSERT INTO public.ciudad (codigo, nombre, coddepartamento) VALUES ('73226', 'Cunday', '73');
INSERT INTO public.ciudad (codigo, nombre, coddepartamento) VALUES ('73236', 'Dolores', '73');
INSERT INTO public.ciudad (codigo, nombre, coddepartamento) VALUES ('73268', 'Espinal', '73');
INSERT INTO public.ciudad (codigo, nombre, coddepartamento) VALUES ('73270', 'Falan', '73');
INSERT INTO public.ciudad (codigo, nombre, coddepartamento) VALUES ('73275', 'Flandes', '73');
INSERT INTO public.ciudad (codigo, nombre, coddepartamento) VALUES ('73283', 'Fresno', '73');
INSERT INTO public.ciudad (codigo, nombre, coddepartamento) VALUES ('73319', 'Guamo', '73');
INSERT INTO public.ciudad (codigo, nombre, coddepartamento) VALUES ('73347', 'Herveo', '73');
INSERT INTO public.ciudad (codigo, nombre, coddepartamento) VALUES ('73349', 'Honda', '73');
INSERT INTO public.ciudad (codigo, nombre, coddepartamento) VALUES ('73352', 'Icononzo', '73');
INSERT INTO public.ciudad (codigo, nombre, coddepartamento) VALUES ('73408', 'Lerida', '73');
INSERT INTO public.ciudad (codigo, nombre, coddepartamento) VALUES ('73411', 'Libano', '73');
INSERT INTO public.ciudad (codigo, nombre, coddepartamento) VALUES ('73443', 'Mariquita', '73');
INSERT INTO public.ciudad (codigo, nombre, coddepartamento) VALUES ('73449', 'Melgar', '73');
INSERT INTO public.ciudad (codigo, nombre, coddepartamento) VALUES ('73461', 'Murillo', '73');
INSERT INTO public.ciudad (codigo, nombre, coddepartamento) VALUES ('73483', 'Natagaima', '73');
INSERT INTO public.ciudad (codigo, nombre, coddepartamento) VALUES ('73504', 'Ortega', '73');
INSERT INTO public.ciudad (codigo, nombre, coddepartamento) VALUES ('73547', 'Piedras', '73');
INSERT INTO public.ciudad (codigo, nombre, coddepartamento) VALUES ('73555', 'Planadas', '73');
INSERT INTO public.ciudad (codigo, nombre, coddepartamento) VALUES ('73563', 'Prado', '73');
INSERT INTO public.ciudad (codigo, nombre, coddepartamento) VALUES ('73585', 'Purificacion', '73');
INSERT INTO public.ciudad (codigo, nombre, coddepartamento) VALUES ('73616', 'Rioblanco', '73');
INSERT INTO public.ciudad (codigo, nombre, coddepartamento) VALUES ('73622', 'Roncesvalles', '73');
INSERT INTO public.ciudad (codigo, nombre, coddepartamento) VALUES ('73624', 'Rovira', '73');
INSERT INTO public.ciudad (codigo, nombre, coddepartamento) VALUES ('73671', 'Saldaña', '73');
INSERT INTO public.ciudad (codigo, nombre, coddepartamento) VALUES ('73675', 'San antonio', '73');
INSERT INTO public.ciudad (codigo, nombre, coddepartamento) VALUES ('73678', 'San luis', '73');
INSERT INTO public.ciudad (codigo, nombre, coddepartamento) VALUES ('73686', 'Santa isabel', '73');
INSERT INTO public.ciudad (codigo, nombre, coddepartamento) VALUES ('73770', 'Suarez', '73');
INSERT INTO public.ciudad (codigo, nombre, coddepartamento) VALUES ('73854', 'Valle de san juan', '73');
INSERT INTO public.ciudad (codigo, nombre, coddepartamento) VALUES ('73861', 'Venadillo', '73');
INSERT INTO public.ciudad (codigo, nombre, coddepartamento) VALUES ('73870', 'Villahermosa', '73');
INSERT INTO public.ciudad (codigo, nombre, coddepartamento) VALUES ('73873', 'Villarrica', '73');
INSERT INTO public.ciudad (codigo, nombre, coddepartamento) VALUES ('73900', 'Palocabildo', '73');
INSERT INTO public.ciudad (codigo, nombre, coddepartamento) VALUES ('76001', 'Cali', '76');
INSERT INTO public.ciudad (codigo, nombre, coddepartamento) VALUES ('76020', 'Alcala', '76');
INSERT INTO public.ciudad (codigo, nombre, coddepartamento) VALUES ('76036', 'Andalucia', '76');
INSERT INTO public.ciudad (codigo, nombre, coddepartamento) VALUES ('76041', 'Ansermanuevo', '76');
INSERT INTO public.ciudad (codigo, nombre, coddepartamento) VALUES ('76054', 'Argelia', '76');
INSERT INTO public.ciudad (codigo, nombre, coddepartamento) VALUES ('76100', 'Bolivar', '76');
INSERT INTO public.ciudad (codigo, nombre, coddepartamento) VALUES ('76109', 'Buenaventura', '76');
INSERT INTO public.ciudad (codigo, nombre, coddepartamento) VALUES ('76111', 'Buga', '76');
INSERT INTO public.ciudad (codigo, nombre, coddepartamento) VALUES ('76113', 'Bugalagrande', '76');
INSERT INTO public.ciudad (codigo, nombre, coddepartamento) VALUES ('76122', 'Caicedonia', '76');
INSERT INTO public.ciudad (codigo, nombre, coddepartamento) VALUES ('76126', 'Darien-calima', '76');
INSERT INTO public.ciudad (codigo, nombre, coddepartamento) VALUES ('76130', 'Candelaria', '76');
INSERT INTO public.ciudad (codigo, nombre, coddepartamento) VALUES ('76147', 'Cartago', '76');
INSERT INTO public.ciudad (codigo, nombre, coddepartamento) VALUES ('76233', 'Dagua', '76');
INSERT INTO public.ciudad (codigo, nombre, coddepartamento) VALUES ('76243', 'El aguila', '76');
INSERT INTO public.ciudad (codigo, nombre, coddepartamento) VALUES ('76246', 'El cairo', '76');
INSERT INTO public.ciudad (codigo, nombre, coddepartamento) VALUES ('76248', 'El cerrito', '76');
INSERT INTO public.ciudad (codigo, nombre, coddepartamento) VALUES ('76250', 'El dovio', '76');
INSERT INTO public.ciudad (codigo, nombre, coddepartamento) VALUES ('41016', 'Aipe', '41');
INSERT INTO public.ciudad (codigo, nombre, coddepartamento) VALUES ('41020', 'Algeciras', '41');
INSERT INTO public.ciudad (codigo, nombre, coddepartamento) VALUES ('41026', 'Altamira', '41');
INSERT INTO public.ciudad (codigo, nombre, coddepartamento) VALUES ('41078', 'Baraya', '41');
INSERT INTO public.ciudad (codigo, nombre, coddepartamento) VALUES ('41132', 'Campoalegre', '41');
INSERT INTO public.ciudad (codigo, nombre, coddepartamento) VALUES ('41206', 'Colombia', '41');
INSERT INTO public.ciudad (codigo, nombre, coddepartamento) VALUES ('41244', 'Elias', '41');
INSERT INTO public.ciudad (codigo, nombre, coddepartamento) VALUES ('41298', 'Garzon', '41');
INSERT INTO public.ciudad (codigo, nombre, coddepartamento) VALUES ('41306', 'Gigante', '41');
INSERT INTO public.ciudad (codigo, nombre, coddepartamento) VALUES ('41319', 'Guadalupe', '41');
INSERT INTO public.ciudad (codigo, nombre, coddepartamento) VALUES ('41349', 'Hobo', '41');
INSERT INTO public.ciudad (codigo, nombre, coddepartamento) VALUES ('41357', 'Iquira', '41');
INSERT INTO public.ciudad (codigo, nombre, coddepartamento) VALUES ('41359', 'Isnos', '41');
INSERT INTO public.ciudad (codigo, nombre, coddepartamento) VALUES ('41378', 'La argentina', '41');
INSERT INTO public.ciudad (codigo, nombre, coddepartamento) VALUES ('41396', 'La plata', '41');
INSERT INTO public.ciudad (codigo, nombre, coddepartamento) VALUES ('41483', 'Nataga', '41');
INSERT INTO public.ciudad (codigo, nombre, coddepartamento) VALUES ('41503', 'Oporapa', '41');
INSERT INTO public.ciudad (codigo, nombre, coddepartamento) VALUES ('41518', 'Paicol', '41');
INSERT INTO public.ciudad (codigo, nombre, coddepartamento) VALUES ('41524', 'Palermo', '41');
INSERT INTO public.ciudad (codigo, nombre, coddepartamento) VALUES ('41530', 'Palestina', '41');
INSERT INTO public.ciudad (codigo, nombre, coddepartamento) VALUES ('41548', 'Pital', '41');
INSERT INTO public.ciudad (codigo, nombre, coddepartamento) VALUES ('41551', 'Pitalito', '41');
INSERT INTO public.ciudad (codigo, nombre, coddepartamento) VALUES ('41615', 'Rivera', '41');
INSERT INTO public.ciudad (codigo, nombre, coddepartamento) VALUES ('41660', 'Saladoblanco', '41');
INSERT INTO public.ciudad (codigo, nombre, coddepartamento) VALUES ('41668', 'San agustin', '41');
INSERT INTO public.ciudad (codigo, nombre, coddepartamento) VALUES ('41676', 'Santa maria', '41');
INSERT INTO public.ciudad (codigo, nombre, coddepartamento) VALUES ('41770', 'Suaza', '41');
INSERT INTO public.ciudad (codigo, nombre, coddepartamento) VALUES ('41791', 'Tarqui', '41');
INSERT INTO public.ciudad (codigo, nombre, coddepartamento) VALUES ('41797', 'Tesalia', '41');
INSERT INTO public.ciudad (codigo, nombre, coddepartamento) VALUES ('41799', 'Tello', '41');
INSERT INTO public.ciudad (codigo, nombre, coddepartamento) VALUES ('41801', 'Teruel', '41');
INSERT INTO public.ciudad (codigo, nombre, coddepartamento) VALUES ('41807', 'Timana', '41');
INSERT INTO public.ciudad (codigo, nombre, coddepartamento) VALUES ('41872', 'Villavieja', '41');
INSERT INTO public.ciudad (codigo, nombre, coddepartamento) VALUES ('41885', 'Yaguara', '41');
INSERT INTO public.ciudad (codigo, nombre, coddepartamento) VALUES ('41900', 'Palo cabildo', '41');
INSERT INTO public.ciudad (codigo, nombre, coddepartamento) VALUES ('44001', 'Riohacha', '44');
INSERT INTO public.ciudad (codigo, nombre, coddepartamento) VALUES ('44078', 'Barrancas', '44');
INSERT INTO public.ciudad (codigo, nombre, coddepartamento) VALUES ('44090', 'Dibulla', '44');
INSERT INTO public.ciudad (codigo, nombre, coddepartamento) VALUES ('44098', 'Distraccion', '44');
INSERT INTO public.ciudad (codigo, nombre, coddepartamento) VALUES ('44110', 'El molino', '44');
INSERT INTO public.ciudad (codigo, nombre, coddepartamento) VALUES ('44279', 'Fonseca', '44');
INSERT INTO public.ciudad (codigo, nombre, coddepartamento) VALUES ('44378', 'Hato nuevo', '44');
INSERT INTO public.ciudad (codigo, nombre, coddepartamento) VALUES ('44430', 'Maicao', '44');
INSERT INTO public.ciudad (codigo, nombre, coddepartamento) VALUES ('44545', 'Pitiño del carmen', '44');
INSERT INTO public.ciudad (codigo, nombre, coddepartamento) VALUES ('44560', 'Manaure', '44');
INSERT INTO public.ciudad (codigo, nombre, coddepartamento) VALUES ('44650', 'San juan del cesar', '44');
INSERT INTO public.ciudad (codigo, nombre, coddepartamento) VALUES ('44847', 'Uribia', '44');
INSERT INTO public.ciudad (codigo, nombre, coddepartamento) VALUES ('44855', 'Urumita', '44');
INSERT INTO public.ciudad (codigo, nombre, coddepartamento) VALUES ('44874', 'Villanueva', '44');
INSERT INTO public.ciudad (codigo, nombre, coddepartamento) VALUES ('47001', 'Santa marta', '47');
INSERT INTO public.ciudad (codigo, nombre, coddepartamento) VALUES ('47053', 'Aracataca', '47');
INSERT INTO public.ciudad (codigo, nombre, coddepartamento) VALUES ('47058', 'Ariguani ( el difícil )', '47');
INSERT INTO public.ciudad (codigo, nombre, coddepartamento) VALUES ('47161', 'Cerro san antonio', '47');
INSERT INTO public.ciudad (codigo, nombre, coddepartamento) VALUES ('47170', 'Chivolo', '47');
INSERT INTO public.ciudad (codigo, nombre, coddepartamento) VALUES ('47189', 'Cienaga', '47');
INSERT INTO public.ciudad (codigo, nombre, coddepartamento) VALUES ('47245', 'El banco', '47');
INSERT INTO public.ciudad (codigo, nombre, coddepartamento) VALUES ('47258', 'El piñon', '47');
INSERT INTO public.ciudad (codigo, nombre, coddepartamento) VALUES ('47268', 'El reten', '47');
INSERT INTO public.ciudad (codigo, nombre, coddepartamento) VALUES ('47288', 'Fundacion', '47');
INSERT INTO public.ciudad (codigo, nombre, coddepartamento) VALUES ('47318', 'Guamal', '47');
INSERT INTO public.ciudad (codigo, nombre, coddepartamento) VALUES ('47541', 'Pedraza', '47');
INSERT INTO public.ciudad (codigo, nombre, coddepartamento) VALUES ('47551', 'Pivijay', '47');
INSERT INTO public.ciudad (codigo, nombre, coddepartamento) VALUES ('47555', 'Plato', '47');
INSERT INTO public.ciudad (codigo, nombre, coddepartamento) VALUES ('47570', 'Puebloviejo', '47');
INSERT INTO public.ciudad (codigo, nombre, coddepartamento) VALUES ('47605', 'Remolino', '47');
INSERT INTO public.ciudad (codigo, nombre, coddepartamento) VALUES ('47675', 'Salamina', '47');
INSERT INTO public.ciudad (codigo, nombre, coddepartamento) VALUES ('47692', 'San sebastian buenavist', '47');
INSERT INTO public.ciudad (codigo, nombre, coddepartamento) VALUES ('47703', 'San zenon', '47');
INSERT INTO public.ciudad (codigo, nombre, coddepartamento) VALUES ('47707', 'Santa ana', '47');
INSERT INTO public.ciudad (codigo, nombre, coddepartamento) VALUES ('47745', 'Sitionuevo', '47');
INSERT INTO public.ciudad (codigo, nombre, coddepartamento) VALUES ('47798', 'Tenerife', '47');
INSERT INTO public.ciudad (codigo, nombre, coddepartamento) VALUES ('50001', 'Villavicencio', '50');
INSERT INTO public.ciudad (codigo, nombre, coddepartamento) VALUES ('50006', 'Acacias', '50');
INSERT INTO public.ciudad (codigo, nombre, coddepartamento) VALUES ('50110', 'Barranca de upia', '50');
INSERT INTO public.ciudad (codigo, nombre, coddepartamento) VALUES ('50124', 'Cabuyaro', '50');
INSERT INTO public.ciudad (codigo, nombre, coddepartamento) VALUES ('50150', 'Castilla la nueva', '50');
INSERT INTO public.ciudad (codigo, nombre, coddepartamento) VALUES ('50223', 'Cubarral', '50');
INSERT INTO public.ciudad (codigo, nombre, coddepartamento) VALUES ('50226', 'Cumaral', '50');
INSERT INTO public.ciudad (codigo, nombre, coddepartamento) VALUES ('50245', 'El calvario', '50');
INSERT INTO public.ciudad (codigo, nombre, coddepartamento) VALUES ('50251', 'El castillo', '50');
INSERT INTO public.ciudad (codigo, nombre, coddepartamento) VALUES ('50270', 'El dorado', '50');
INSERT INTO public.ciudad (codigo, nombre, coddepartamento) VALUES ('50287', 'Fuente de oro', '50');
INSERT INTO public.ciudad (codigo, nombre, coddepartamento) VALUES ('50313', 'Granada', '50');
INSERT INTO public.ciudad (codigo, nombre, coddepartamento) VALUES ('50318', 'Guamal', '50');
INSERT INTO public.ciudad (codigo, nombre, coddepartamento) VALUES ('50325', 'Mapiripan', '50');
INSERT INTO public.ciudad (codigo, nombre, coddepartamento) VALUES ('50330', 'Mesetas', '50');
INSERT INTO public.ciudad (codigo, nombre, coddepartamento) VALUES ('50350', 'La macarena', '50');
INSERT INTO public.ciudad (codigo, nombre, coddepartamento) VALUES ('50370', 'La uribe', '50');
INSERT INTO public.ciudad (codigo, nombre, coddepartamento) VALUES ('50400', 'Lejanias', '50');
INSERT INTO public.ciudad (codigo, nombre, coddepartamento) VALUES ('50450', 'Puerto concordia', '50');
INSERT INTO public.ciudad (codigo, nombre, coddepartamento) VALUES ('50568', 'Puerto gaitan', '50');
INSERT INTO public.ciudad (codigo, nombre, coddepartamento) VALUES ('50573', 'Puerto lopez', '50');
INSERT INTO public.ciudad (codigo, nombre, coddepartamento) VALUES ('50577', 'Puerto lleras', '50');
INSERT INTO public.ciudad (codigo, nombre, coddepartamento) VALUES ('50590', 'Puerto rico', '50');
INSERT INTO public.ciudad (codigo, nombre, coddepartamento) VALUES ('50606', 'Restrepo', '50');
INSERT INTO public.ciudad (codigo, nombre, coddepartamento) VALUES ('50680', 'San carlos guaroa', '50');
INSERT INTO public.ciudad (codigo, nombre, coddepartamento) VALUES ('50683', 'San juan de arama', '50');
INSERT INTO public.ciudad (codigo, nombre, coddepartamento) VALUES ('50686', 'San juanito', '50');
INSERT INTO public.ciudad (codigo, nombre, coddepartamento) VALUES ('50689', 'San martin', '50');
INSERT INTO public.ciudad (codigo, nombre, coddepartamento) VALUES ('50711', 'Vista hermosa', '50');
INSERT INTO public.ciudad (codigo, nombre, coddepartamento) VALUES ('52001', 'Pasto', '52');
INSERT INTO public.ciudad (codigo, nombre, coddepartamento) VALUES ('52019', 'Alban ( san josé )', '52');
INSERT INTO public.ciudad (codigo, nombre, coddepartamento) VALUES ('52022', 'Aldana', '52');
INSERT INTO public.ciudad (codigo, nombre, coddepartamento) VALUES ('52036', 'Ancuya', '52');
INSERT INTO public.ciudad (codigo, nombre, coddepartamento) VALUES ('52051', 'Arboleda ( berruecos )', '52');
INSERT INTO public.ciudad (codigo, nombre, coddepartamento) VALUES ('52079', 'Barbacoas', '52');
INSERT INTO public.ciudad (codigo, nombre, coddepartamento) VALUES ('52083', 'Belen', '52');
INSERT INTO public.ciudad (codigo, nombre, coddepartamento) VALUES ('52110', 'Buesaco', '52');
INSERT INTO public.ciudad (codigo, nombre, coddepartamento) VALUES ('52203', 'Colon ( génova )', '52');
INSERT INTO public.ciudad (codigo, nombre, coddepartamento) VALUES ('52207', 'Consaca', '52');
INSERT INTO public.ciudad (codigo, nombre, coddepartamento) VALUES ('52210', 'Contadero', '52');
INSERT INTO public.ciudad (codigo, nombre, coddepartamento) VALUES ('52215', 'Cordoba', '52');
INSERT INTO public.ciudad (codigo, nombre, coddepartamento) VALUES ('52224', 'Cuaspud ( carlosama )', '52');
INSERT INTO public.ciudad (codigo, nombre, coddepartamento) VALUES ('52227', 'Cumbal', '52');
INSERT INTO public.ciudad (codigo, nombre, coddepartamento) VALUES ('52233', 'Cumbitara', '52');
INSERT INTO public.ciudad (codigo, nombre, coddepartamento) VALUES ('52240', 'Chachagui', '52');
INSERT INTO public.ciudad (codigo, nombre, coddepartamento) VALUES ('52250', 'El charco', '52');
INSERT INTO public.ciudad (codigo, nombre, coddepartamento) VALUES ('52256', 'El rosario', '52');
INSERT INTO public.ciudad (codigo, nombre, coddepartamento) VALUES ('52258', 'El tablon', '52');
INSERT INTO public.ciudad (codigo, nombre, coddepartamento) VALUES ('52260', 'El tambo', '52');
INSERT INTO public.ciudad (codigo, nombre, coddepartamento) VALUES ('52287', 'Funes', '52');
INSERT INTO public.ciudad (codigo, nombre, coddepartamento) VALUES ('52317', 'Guachucal', '52');
INSERT INTO public.ciudad (codigo, nombre, coddepartamento) VALUES ('52320', 'Guaitarilla', '52');
INSERT INTO public.ciudad (codigo, nombre, coddepartamento) VALUES ('52323', 'Gualmatan', '52');
INSERT INTO public.ciudad (codigo, nombre, coddepartamento) VALUES ('52352', 'Iles', '52');
INSERT INTO public.ciudad (codigo, nombre, coddepartamento) VALUES ('52354', 'Imues', '52');
INSERT INTO public.ciudad (codigo, nombre, coddepartamento) VALUES ('52356', 'Ipiales', '52');
INSERT INTO public.ciudad (codigo, nombre, coddepartamento) VALUES ('52378', 'La cruz', '52');
INSERT INTO public.ciudad (codigo, nombre, coddepartamento) VALUES ('52381', 'La florida', '52');
INSERT INTO public.ciudad (codigo, nombre, coddepartamento) VALUES ('52385', 'La llanada', '52');
INSERT INTO public.ciudad (codigo, nombre, coddepartamento) VALUES ('52390', 'La tola', '52');
INSERT INTO public.ciudad (codigo, nombre, coddepartamento) VALUES ('52399', 'La union', '52');
INSERT INTO public.ciudad (codigo, nombre, coddepartamento) VALUES ('52405', 'Leiva', '52');
INSERT INTO public.ciudad (codigo, nombre, coddepartamento) VALUES ('52411', 'Linares', '52');
INSERT INTO public.ciudad (codigo, nombre, coddepartamento) VALUES ('52418', 'Los andes ( sotomayor )', '52');
INSERT INTO public.ciudad (codigo, nombre, coddepartamento) VALUES ('52427', 'Magui ( payán )', '52');
INSERT INTO public.ciudad (codigo, nombre, coddepartamento) VALUES ('52435', 'Mallama ( piedrancha )', '52');
INSERT INTO public.ciudad (codigo, nombre, coddepartamento) VALUES ('52473', 'Mosquera', '52');
INSERT INTO public.ciudad (codigo, nombre, coddepartamento) VALUES ('52490', 'Olaya herrera ( bocas de satinga )', '52');
INSERT INTO public.ciudad (codigo, nombre, coddepartamento) VALUES ('52506', 'Ospina', '52');
INSERT INTO public.ciudad (codigo, nombre, coddepartamento) VALUES ('52520', 'Francisco pizarro ( salahonda )', '52');
INSERT INTO public.ciudad (codigo, nombre, coddepartamento) VALUES ('52540', 'Policarpa', '52');
INSERT INTO public.ciudad (codigo, nombre, coddepartamento) VALUES ('52560', 'Potosi', '52');
INSERT INTO public.ciudad (codigo, nombre, coddepartamento) VALUES ('52565', 'Providencia', '52');
INSERT INTO public.ciudad (codigo, nombre, coddepartamento) VALUES ('52573', 'Puerres', '52');
INSERT INTO public.ciudad (codigo, nombre, coddepartamento) VALUES ('52585', 'Pupiales', '52');
INSERT INTO public.ciudad (codigo, nombre, coddepartamento) VALUES ('52612', 'Ricaurte', '52');
INSERT INTO public.ciudad (codigo, nombre, coddepartamento) VALUES ('52621', 'Roberto payan ( san josé )', '52');
INSERT INTO public.ciudad (codigo, nombre, coddepartamento) VALUES ('52678', 'Samaniego', '52');
INSERT INTO public.ciudad (codigo, nombre, coddepartamento) VALUES ('52683', 'Sandona', '52');
INSERT INTO public.ciudad (codigo, nombre, coddepartamento) VALUES ('52685', 'San bernardo', '52');
INSERT INTO public.ciudad (codigo, nombre, coddepartamento) VALUES ('52687', 'San lorenzo', '52');
INSERT INTO public.ciudad (codigo, nombre, coddepartamento) VALUES ('52693', 'San pablo', '52');
INSERT INTO public.ciudad (codigo, nombre, coddepartamento) VALUES ('52694', 'San pedro de cartago ( cartago )', '52');
INSERT INTO public.ciudad (codigo, nombre, coddepartamento) VALUES ('52696', 'Santa barbara ( iscuande )', '52');
INSERT INTO public.ciudad (codigo, nombre, coddepartamento) VALUES ('52699', 'Santacruz ( guachaves )', '52');
INSERT INTO public.ciudad (codigo, nombre, coddepartamento) VALUES ('52720', 'Sapuyes', '52');
INSERT INTO public.ciudad (codigo, nombre, coddepartamento) VALUES ('52786', 'Taminango', '52');
INSERT INTO public.ciudad (codigo, nombre, coddepartamento) VALUES ('52788', 'Tangua', '52');
INSERT INTO public.ciudad (codigo, nombre, coddepartamento) VALUES ('52835', 'Tumaco', '52');
INSERT INTO public.ciudad (codigo, nombre, coddepartamento) VALUES ('52838', 'Tuquerres', '52');
INSERT INTO public.ciudad (codigo, nombre, coddepartamento) VALUES ('52885', 'Yacuanquer', '52');
INSERT INTO public.ciudad (codigo, nombre, coddepartamento) VALUES ('54001', 'Cucuta', '54');
INSERT INTO public.ciudad (codigo, nombre, coddepartamento) VALUES ('54003', 'Abrego', '54');
INSERT INTO public.ciudad (codigo, nombre, coddepartamento) VALUES ('54051', 'Arboledas', '54');
INSERT INTO public.ciudad (codigo, nombre, coddepartamento) VALUES ('54099', 'Bochalema', '54');
INSERT INTO public.ciudad (codigo, nombre, coddepartamento) VALUES ('54109', 'Bucarasica', '54');
INSERT INTO public.ciudad (codigo, nombre, coddepartamento) VALUES ('54125', 'Cacota', '54');
INSERT INTO public.ciudad (codigo, nombre, coddepartamento) VALUES ('54128', 'Cachira', '54');
INSERT INTO public.ciudad (codigo, nombre, coddepartamento) VALUES ('54172', 'Chinacota', '54');
INSERT INTO public.ciudad (codigo, nombre, coddepartamento) VALUES ('54174', 'Chitaga', '54');
INSERT INTO public.ciudad (codigo, nombre, coddepartamento) VALUES ('54206', 'Convencion', '54');
INSERT INTO public.ciudad (codigo, nombre, coddepartamento) VALUES ('54223', 'Cucutilla', '54');
INSERT INTO public.ciudad (codigo, nombre, coddepartamento) VALUES ('54239', 'Durania', '54');
INSERT INTO public.ciudad (codigo, nombre, coddepartamento) VALUES ('54245', 'El carmen', '54');
INSERT INTO public.ciudad (codigo, nombre, coddepartamento) VALUES ('54250', 'El tarra', '54');
INSERT INTO public.ciudad (codigo, nombre, coddepartamento) VALUES ('54261', 'El zulia', '54');
INSERT INTO public.ciudad (codigo, nombre, coddepartamento) VALUES ('54313', 'Gramalote', '54');
INSERT INTO public.ciudad (codigo, nombre, coddepartamento) VALUES ('54344', 'Hacari', '54');
INSERT INTO public.ciudad (codigo, nombre, coddepartamento) VALUES ('54347', 'Herran', '54');
INSERT INTO public.ciudad (codigo, nombre, coddepartamento) VALUES ('54377', 'Labateca', '54');
INSERT INTO public.ciudad (codigo, nombre, coddepartamento) VALUES ('54385', 'La esperanza', '54');
INSERT INTO public.ciudad (codigo, nombre, coddepartamento) VALUES ('54398', 'La playa', '54');
INSERT INTO public.ciudad (codigo, nombre, coddepartamento) VALUES ('54405', 'Los patios', '54');
INSERT INTO public.ciudad (codigo, nombre, coddepartamento) VALUES ('54418', 'Lourdes', '54');
INSERT INTO public.ciudad (codigo, nombre, coddepartamento) VALUES ('54480', 'Mutiscua', '54');
INSERT INTO public.ciudad (codigo, nombre, coddepartamento) VALUES ('54498', 'Ocaña', '54');
INSERT INTO public.ciudad (codigo, nombre, coddepartamento) VALUES ('54518', 'Pamplona', '54');
INSERT INTO public.ciudad (codigo, nombre, coddepartamento) VALUES ('54520', 'Pamplonita', '54');
INSERT INTO public.ciudad (codigo, nombre, coddepartamento) VALUES ('54553', 'Puerto santander', '54');
INSERT INTO public.ciudad (codigo, nombre, coddepartamento) VALUES ('54599', 'Ragonvalia', '54');
INSERT INTO public.ciudad (codigo, nombre, coddepartamento) VALUES ('54660', 'Salazar', '54');
INSERT INTO public.ciudad (codigo, nombre, coddepartamento) VALUES ('54670', 'San calixto', '54');
INSERT INTO public.ciudad (codigo, nombre, coddepartamento) VALUES ('54673', 'San cayetano', '54');
INSERT INTO public.ciudad (codigo, nombre, coddepartamento) VALUES ('54680', 'Santiago', '54');
INSERT INTO public.ciudad (codigo, nombre, coddepartamento) VALUES ('54720', 'Sardinata', '54');
INSERT INTO public.ciudad (codigo, nombre, coddepartamento) VALUES ('54743', 'Silos', '54');
INSERT INTO public.ciudad (codigo, nombre, coddepartamento) VALUES ('54800', 'Teorama', '54');
INSERT INTO public.ciudad (codigo, nombre, coddepartamento) VALUES ('54810', 'Tibu', '54');
INSERT INTO public.ciudad (codigo, nombre, coddepartamento) VALUES ('19532', 'Patia  (el bordo)', '19');
INSERT INTO public.ciudad (codigo, nombre, coddepartamento) VALUES ('19548', 'Piendamo', '19');
INSERT INTO public.ciudad (codigo, nombre, coddepartamento) VALUES ('19573', 'Puerto tejada', '19');
INSERT INTO public.ciudad (codigo, nombre, coddepartamento) VALUES ('19585', 'Purace ( coconuco )', '19');
INSERT INTO public.ciudad (codigo, nombre, coddepartamento) VALUES ('19622', 'Rosas', '19');
INSERT INTO public.ciudad (codigo, nombre, coddepartamento) VALUES ('19693', 'San sebastian', '19');
INSERT INTO public.ciudad (codigo, nombre, coddepartamento) VALUES ('19698', 'Santander de quilichao', '19');
INSERT INTO public.ciudad (codigo, nombre, coddepartamento) VALUES ('19701', 'Santa rosa', '19');
INSERT INTO public.ciudad (codigo, nombre, coddepartamento) VALUES ('19743', 'Silvia', '19');
INSERT INTO public.ciudad (codigo, nombre, coddepartamento) VALUES ('19760', 'Sotara  (paispamba )', '19');
INSERT INTO public.ciudad (codigo, nombre, coddepartamento) VALUES ('19780', 'Suarez', '19');
INSERT INTO public.ciudad (codigo, nombre, coddepartamento) VALUES ('19807', 'Timbio', '19');
INSERT INTO public.ciudad (codigo, nombre, coddepartamento) VALUES ('19809', 'Timbiqui', '19');
INSERT INTO public.ciudad (codigo, nombre, coddepartamento) VALUES ('19821', 'Toribio', '19');
INSERT INTO public.ciudad (codigo, nombre, coddepartamento) VALUES ('19824', 'Totoro', '19');
INSERT INTO public.ciudad (codigo, nombre, coddepartamento) VALUES ('20001', 'Valledupar', '20');
INSERT INTO public.ciudad (codigo, nombre, coddepartamento) VALUES ('20011', 'Aguachica', '20');
INSERT INTO public.ciudad (codigo, nombre, coddepartamento) VALUES ('20013', 'Agustin codazzi', '20');
INSERT INTO public.ciudad (codigo, nombre, coddepartamento) VALUES ('20032', 'Astrea', '20');
INSERT INTO public.ciudad (codigo, nombre, coddepartamento) VALUES ('20045', 'Becerril', '20');
INSERT INTO public.ciudad (codigo, nombre, coddepartamento) VALUES ('20060', 'Bosconia', '20');
INSERT INTO public.ciudad (codigo, nombre, coddepartamento) VALUES ('20175', 'Chimichagua', '20');
INSERT INTO public.ciudad (codigo, nombre, coddepartamento) VALUES ('20178', 'Chiriguana', '20');
INSERT INTO public.ciudad (codigo, nombre, coddepartamento) VALUES ('20228', 'Curumani', '20');
INSERT INTO public.ciudad (codigo, nombre, coddepartamento) VALUES ('20238', 'El copey', '20');
INSERT INTO public.ciudad (codigo, nombre, coddepartamento) VALUES ('20250', 'El paso', '20');
INSERT INTO public.ciudad (codigo, nombre, coddepartamento) VALUES ('20295', 'Gamarra', '20');
INSERT INTO public.ciudad (codigo, nombre, coddepartamento) VALUES ('20310', 'Gonzalez', '20');
INSERT INTO public.ciudad (codigo, nombre, coddepartamento) VALUES ('20383', 'La gloria', '20');
INSERT INTO public.ciudad (codigo, nombre, coddepartamento) VALUES ('20400', 'La jagua de ibirico', '20');
INSERT INTO public.ciudad (codigo, nombre, coddepartamento) VALUES ('20443', 'Manaure  (balcón del cesar)', '20');
INSERT INTO public.ciudad (codigo, nombre, coddepartamento) VALUES ('20517', 'Pailitas', '20');
INSERT INTO public.ciudad (codigo, nombre, coddepartamento) VALUES ('20550', 'Pelaya', '20');
INSERT INTO public.ciudad (codigo, nombre, coddepartamento) VALUES ('20614', 'Rio de oro', '20');
INSERT INTO public.ciudad (codigo, nombre, coddepartamento) VALUES ('20621', 'La paz', '20');
INSERT INTO public.ciudad (codigo, nombre, coddepartamento) VALUES ('20710', 'San alberto', '20');
INSERT INTO public.ciudad (codigo, nombre, coddepartamento) VALUES ('20750', 'San diego', '20');
INSERT INTO public.ciudad (codigo, nombre, coddepartamento) VALUES ('20770', 'San martin', '20');
INSERT INTO public.ciudad (codigo, nombre, coddepartamento) VALUES ('20787', 'Tamalameque', '20');
INSERT INTO public.ciudad (codigo, nombre, coddepartamento) VALUES ('23001', 'Monteria', '23');
INSERT INTO public.ciudad (codigo, nombre, coddepartamento) VALUES ('23068', 'Ayapel', '23');
INSERT INTO public.ciudad (codigo, nombre, coddepartamento) VALUES ('23079', 'Buenavista', '23');
INSERT INTO public.ciudad (codigo, nombre, coddepartamento) VALUES ('23090', 'Canalete', '23');
INSERT INTO public.ciudad (codigo, nombre, coddepartamento) VALUES ('23162', 'Cerete', '23');
INSERT INTO public.ciudad (codigo, nombre, coddepartamento) VALUES ('23168', 'Chima', '23');
INSERT INTO public.ciudad (codigo, nombre, coddepartamento) VALUES ('23182', 'Chinu', '23');
INSERT INTO public.ciudad (codigo, nombre, coddepartamento) VALUES ('23189', 'Cienaga de oro', '23');
INSERT INTO public.ciudad (codigo, nombre, coddepartamento) VALUES ('23417', 'Lorica', '23');
INSERT INTO public.ciudad (codigo, nombre, coddepartamento) VALUES ('23419', 'Los cordobas', '23');
INSERT INTO public.ciudad (codigo, nombre, coddepartamento) VALUES ('23464', 'Momil', '23');
INSERT INTO public.ciudad (codigo, nombre, coddepartamento) VALUES ('23466', 'Montelibano', '23');
INSERT INTO public.ciudad (codigo, nombre, coddepartamento) VALUES ('23500', 'Moñitos', '23');
INSERT INTO public.ciudad (codigo, nombre, coddepartamento) VALUES ('23555', 'Planeta rica', '23');
INSERT INTO public.ciudad (codigo, nombre, coddepartamento) VALUES ('23570', 'Pueblo nuevo', '23');
INSERT INTO public.ciudad (codigo, nombre, coddepartamento) VALUES ('23574', 'Puerto escondido', '23');
INSERT INTO public.ciudad (codigo, nombre, coddepartamento) VALUES ('23580', 'Puerto libertador', '23');
INSERT INTO public.ciudad (codigo, nombre, coddepartamento) VALUES ('23586', 'Purisima', '23');
INSERT INTO public.ciudad (codigo, nombre, coddepartamento) VALUES ('23660', 'Sahagun', '23');
INSERT INTO public.ciudad (codigo, nombre, coddepartamento) VALUES ('23670', 'San andres sotavento', '23');
INSERT INTO public.ciudad (codigo, nombre, coddepartamento) VALUES ('23672', 'San antero', '23');
INSERT INTO public.ciudad (codigo, nombre, coddepartamento) VALUES ('23675', 'San bernardo del viento', '23');
INSERT INTO public.ciudad (codigo, nombre, coddepartamento) VALUES ('23678', 'San carlos', '23');
INSERT INTO public.ciudad (codigo, nombre, coddepartamento) VALUES ('23686', 'San pelayo', '23');
INSERT INTO public.ciudad (codigo, nombre, coddepartamento) VALUES ('23807', 'Tierralta', '23');
INSERT INTO public.ciudad (codigo, nombre, coddepartamento) VALUES ('23855', 'Valencia', '23');
INSERT INTO public.ciudad (codigo, nombre, coddepartamento) VALUES ('25001', 'Agua de dios', '25');
INSERT INTO public.ciudad (codigo, nombre, coddepartamento) VALUES ('25019', 'Alban', '25');
INSERT INTO public.ciudad (codigo, nombre, coddepartamento) VALUES ('25035', 'Anapoima', '25');
INSERT INTO public.ciudad (codigo, nombre, coddepartamento) VALUES ('25040', 'Anolaima', '25');
INSERT INTO public.ciudad (codigo, nombre, coddepartamento) VALUES ('25053', 'Arbelaez', '25');
INSERT INTO public.ciudad (codigo, nombre, coddepartamento) VALUES ('25086', 'Beltran', '25');
INSERT INTO public.ciudad (codigo, nombre, coddepartamento) VALUES ('25095', 'Bituima', '25');
INSERT INTO public.ciudad (codigo, nombre, coddepartamento) VALUES ('25099', 'Bojaca', '25');
INSERT INTO public.ciudad (codigo, nombre, coddepartamento) VALUES ('25120', 'Cabrera', '25');
INSERT INTO public.ciudad (codigo, nombre, coddepartamento) VALUES ('25123', 'Cachipay', '25');
INSERT INTO public.ciudad (codigo, nombre, coddepartamento) VALUES ('25126', 'Cajica', '25');
INSERT INTO public.ciudad (codigo, nombre, coddepartamento) VALUES ('25148', 'Caparrapi', '25');
INSERT INTO public.ciudad (codigo, nombre, coddepartamento) VALUES ('25151', 'Caqueza', '25');
INSERT INTO public.ciudad (codigo, nombre, coddepartamento) VALUES ('25154', 'Carmen de carupa', '25');
INSERT INTO public.ciudad (codigo, nombre, coddepartamento) VALUES ('25168', 'Chaguani', '25');
INSERT INTO public.ciudad (codigo, nombre, coddepartamento) VALUES ('25175', 'Chia', '25');
INSERT INTO public.ciudad (codigo, nombre, coddepartamento) VALUES ('25178', 'Chipaque', '25');
INSERT INTO public.ciudad (codigo, nombre, coddepartamento) VALUES ('25181', 'Choachi', '25');
INSERT INTO public.ciudad (codigo, nombre, coddepartamento) VALUES ('25183', 'Choconta', '25');
INSERT INTO public.ciudad (codigo, nombre, coddepartamento) VALUES ('25200', 'Cogua', '25');
INSERT INTO public.ciudad (codigo, nombre, coddepartamento) VALUES ('25214', 'Cota', '25');
INSERT INTO public.ciudad (codigo, nombre, coddepartamento) VALUES ('25224', 'Cucunuba', '25');
INSERT INTO public.ciudad (codigo, nombre, coddepartamento) VALUES ('25245', 'El colegio', '25');
INSERT INTO public.ciudad (codigo, nombre, coddepartamento) VALUES ('25258', 'El peñon', '25');
INSERT INTO public.ciudad (codigo, nombre, coddepartamento) VALUES ('25269', 'Facatativa', '25');
INSERT INTO public.ciudad (codigo, nombre, coddepartamento) VALUES ('25279', 'Fomeque', '25');
INSERT INTO public.ciudad (codigo, nombre, coddepartamento) VALUES ('25281', 'Fosca', '25');
INSERT INTO public.ciudad (codigo, nombre, coddepartamento) VALUES ('25286', 'Funza', '25');
INSERT INTO public.ciudad (codigo, nombre, coddepartamento) VALUES ('25288', 'Fuquene', '25');
INSERT INTO public.ciudad (codigo, nombre, coddepartamento) VALUES ('25290', 'Fusagasuga', '25');
INSERT INTO public.ciudad (codigo, nombre, coddepartamento) VALUES ('25293', 'Gachala', '25');
INSERT INTO public.ciudad (codigo, nombre, coddepartamento) VALUES ('25295', 'Gachancipa', '25');
INSERT INTO public.ciudad (codigo, nombre, coddepartamento) VALUES ('25297', 'Gacheta', '25');
INSERT INTO public.ciudad (codigo, nombre, coddepartamento) VALUES ('25299', 'Gama', '25');
INSERT INTO public.ciudad (codigo, nombre, coddepartamento) VALUES ('25307', 'Girardot', '25');
INSERT INTO public.ciudad (codigo, nombre, coddepartamento) VALUES ('25312', 'Granada', '25');
INSERT INTO public.ciudad (codigo, nombre, coddepartamento) VALUES ('25317', 'Guacheta', '25');
INSERT INTO public.ciudad (codigo, nombre, coddepartamento) VALUES ('25320', 'Guaduas', '25');
INSERT INTO public.ciudad (codigo, nombre, coddepartamento) VALUES ('25322', 'Guasca', '25');
INSERT INTO public.ciudad (codigo, nombre, coddepartamento) VALUES ('25324', 'Guataqui', '25');
INSERT INTO public.ciudad (codigo, nombre, coddepartamento) VALUES ('25326', 'Guatavita', '25');
INSERT INTO public.ciudad (codigo, nombre, coddepartamento) VALUES ('25328', 'Guayabal de siquima', '25');
INSERT INTO public.ciudad (codigo, nombre, coddepartamento) VALUES ('25335', 'Guayabetal', '25');
INSERT INTO public.ciudad (codigo, nombre, coddepartamento) VALUES ('25339', 'Gutierrez', '25');
INSERT INTO public.ciudad (codigo, nombre, coddepartamento) VALUES ('25368', 'Jerusalen', '25');
INSERT INTO public.ciudad (codigo, nombre, coddepartamento) VALUES ('25372', 'Junin', '25');
INSERT INTO public.ciudad (codigo, nombre, coddepartamento) VALUES ('25377', 'La calera', '25');
INSERT INTO public.ciudad (codigo, nombre, coddepartamento) VALUES ('25386', 'La mesa', '25');
INSERT INTO public.ciudad (codigo, nombre, coddepartamento) VALUES ('25394', 'La palma', '25');
INSERT INTO public.ciudad (codigo, nombre, coddepartamento) VALUES ('25398', 'La peña', '25');
INSERT INTO public.ciudad (codigo, nombre, coddepartamento) VALUES ('25402', 'La vega', '25');
INSERT INTO public.ciudad (codigo, nombre, coddepartamento) VALUES ('25407', 'Lenguazaque', '25');
INSERT INTO public.ciudad (codigo, nombre, coddepartamento) VALUES ('25426', 'Macheta', '25');
INSERT INTO public.ciudad (codigo, nombre, coddepartamento) VALUES ('25430', 'Madrid', '25');
INSERT INTO public.ciudad (codigo, nombre, coddepartamento) VALUES ('25436', 'Manta', '25');
INSERT INTO public.ciudad (codigo, nombre, coddepartamento) VALUES ('25438', 'Medina', '25');
INSERT INTO public.ciudad (codigo, nombre, coddepartamento) VALUES ('25473', 'Mosquera', '25');
INSERT INTO public.ciudad (codigo, nombre, coddepartamento) VALUES ('25483', 'Nariño', '25');
INSERT INTO public.ciudad (codigo, nombre, coddepartamento) VALUES ('25486', 'Nemocon', '25');
INSERT INTO public.ciudad (codigo, nombre, coddepartamento) VALUES ('25488', 'Nilo', '25');
INSERT INTO public.ciudad (codigo, nombre, coddepartamento) VALUES ('25489', 'Nimaima', '25');
INSERT INTO public.ciudad (codigo, nombre, coddepartamento) VALUES ('25491', 'Nocaima', '25');
INSERT INTO public.ciudad (codigo, nombre, coddepartamento) VALUES ('25506', 'Venecia', '25');
INSERT INTO public.ciudad (codigo, nombre, coddepartamento) VALUES ('25513', 'Pacho', '25');
INSERT INTO public.ciudad (codigo, nombre, coddepartamento) VALUES ('25518', 'Paime', '25');
INSERT INTO public.ciudad (codigo, nombre, coddepartamento) VALUES ('25524', 'Pandi', '25');
INSERT INTO public.ciudad (codigo, nombre, coddepartamento) VALUES ('25530', 'Paratebueno', '25');
INSERT INTO public.ciudad (codigo, nombre, coddepartamento) VALUES ('25535', 'Pasca', '25');
INSERT INTO public.ciudad (codigo, nombre, coddepartamento) VALUES ('25572', 'Puerto salgar', '25');
INSERT INTO public.ciudad (codigo, nombre, coddepartamento) VALUES ('25580', 'Puli', '25');
INSERT INTO public.ciudad (codigo, nombre, coddepartamento) VALUES ('25592', 'Quebradanegra', '25');
INSERT INTO public.ciudad (codigo, nombre, coddepartamento) VALUES ('25594', 'Quetame', '25');
INSERT INTO public.ciudad (codigo, nombre, coddepartamento) VALUES ('25596', 'Quipile', '25');
INSERT INTO public.ciudad (codigo, nombre, coddepartamento) VALUES ('25599', 'Apulo', '25');
INSERT INTO public.ciudad (codigo, nombre, coddepartamento) VALUES ('25612', 'Ricaurte', '25');
INSERT INTO public.ciudad (codigo, nombre, coddepartamento) VALUES ('25645', 'S.antonio tequendama', '25');
INSERT INTO public.ciudad (codigo, nombre, coddepartamento) VALUES ('25649', 'San bernardo', '25');
INSERT INTO public.ciudad (codigo, nombre, coddepartamento) VALUES ('25653', 'San cayetano', '25');
INSERT INTO public.ciudad (codigo, nombre, coddepartamento) VALUES ('25658', 'San francisco', '25');
INSERT INTO public.ciudad (codigo, nombre, coddepartamento) VALUES ('25662', 'San juan de rio seco', '25');
INSERT INTO public.ciudad (codigo, nombre, coddepartamento) VALUES ('25718', 'Sasaima', '25');
INSERT INTO public.ciudad (codigo, nombre, coddepartamento) VALUES ('25736', 'Sesquile', '25');
INSERT INTO public.ciudad (codigo, nombre, coddepartamento) VALUES ('25740', 'Sibate', '25');
INSERT INTO public.ciudad (codigo, nombre, coddepartamento) VALUES ('25743', 'Silvania', '25');
INSERT INTO public.ciudad (codigo, nombre, coddepartamento) VALUES ('25745', 'Simijaca', '25');
INSERT INTO public.ciudad (codigo, nombre, coddepartamento) VALUES ('25754', 'Soacha', '25');
INSERT INTO public.ciudad (codigo, nombre, coddepartamento) VALUES ('25758', 'Sopo', '25');
INSERT INTO public.ciudad (codigo, nombre, coddepartamento) VALUES ('25769', 'Subachoque', '25');
INSERT INTO public.ciudad (codigo, nombre, coddepartamento) VALUES ('25772', 'Suesca', '25');
INSERT INTO public.ciudad (codigo, nombre, coddepartamento) VALUES ('25777', 'Supata', '25');
INSERT INTO public.ciudad (codigo, nombre, coddepartamento) VALUES ('25779', 'Susa', '25');
INSERT INTO public.ciudad (codigo, nombre, coddepartamento) VALUES ('25781', 'Sutatausa', '25');
INSERT INTO public.ciudad (codigo, nombre, coddepartamento) VALUES ('25785', 'Tabio', '25');
INSERT INTO public.ciudad (codigo, nombre, coddepartamento) VALUES ('25793', 'Tausa', '25');
INSERT INTO public.ciudad (codigo, nombre, coddepartamento) VALUES ('25797', 'Tena', '25');
INSERT INTO public.ciudad (codigo, nombre, coddepartamento) VALUES ('25799', 'Tenjo', '25');
INSERT INTO public.ciudad (codigo, nombre, coddepartamento) VALUES ('25805', 'Tibacuy', '25');
INSERT INTO public.ciudad (codigo, nombre, coddepartamento) VALUES ('25807', 'Tibirita', '25');
INSERT INTO public.ciudad (codigo, nombre, coddepartamento) VALUES ('25815', 'Tocaima', '25');
INSERT INTO public.ciudad (codigo, nombre, coddepartamento) VALUES ('25817', 'Tocancipa', '25');
INSERT INTO public.ciudad (codigo, nombre, coddepartamento) VALUES ('25823', 'Topaipi', '25');
INSERT INTO public.ciudad (codigo, nombre, coddepartamento) VALUES ('25839', 'Ubala', '25');
INSERT INTO public.ciudad (codigo, nombre, coddepartamento) VALUES ('25841', 'Ubaque', '25');
INSERT INTO public.ciudad (codigo, nombre, coddepartamento) VALUES ('25843', 'Ubate', '25');
INSERT INTO public.ciudad (codigo, nombre, coddepartamento) VALUES ('25845', 'Une', '25');
INSERT INTO public.ciudad (codigo, nombre, coddepartamento) VALUES ('25851', 'Utica', '25');
INSERT INTO public.ciudad (codigo, nombre, coddepartamento) VALUES ('25862', 'Vergara', '25');
INSERT INTO public.ciudad (codigo, nombre, coddepartamento) VALUES ('25867', 'Viani', '25');
INSERT INTO public.ciudad (codigo, nombre, coddepartamento) VALUES ('25871', 'Villagomez', '25');
INSERT INTO public.ciudad (codigo, nombre, coddepartamento) VALUES ('25873', 'Villapinzon', '25');
INSERT INTO public.ciudad (codigo, nombre, coddepartamento) VALUES ('25875', 'Villeta', '25');
INSERT INTO public.ciudad (codigo, nombre, coddepartamento) VALUES ('25878', 'Viota', '25');
INSERT INTO public.ciudad (codigo, nombre, coddepartamento) VALUES ('25885', 'Yacopi', '25');
INSERT INTO public.ciudad (codigo, nombre, coddepartamento) VALUES ('25898', 'Zipacon', '25');
INSERT INTO public.ciudad (codigo, nombre, coddepartamento) VALUES ('25899', 'Zipaquira', '25');
INSERT INTO public.ciudad (codigo, nombre, coddepartamento) VALUES ('27001', 'Quibdo', '27');
INSERT INTO public.ciudad (codigo, nombre, coddepartamento) VALUES ('27006', 'Acandi', '27');
INSERT INTO public.ciudad (codigo, nombre, coddepartamento) VALUES ('27025', 'Alto baudo ( pie de pato )', '27');
INSERT INTO public.ciudad (codigo, nombre, coddepartamento) VALUES ('27073', 'Bagado', '27');
INSERT INTO public.ciudad (codigo, nombre, coddepartamento) VALUES ('27075', 'Bahia solano ( mutis )', '27');
INSERT INTO public.ciudad (codigo, nombre, coddepartamento) VALUES ('27077', 'Bajo baudo ( pizarro )', '27');
INSERT INTO public.ciudad (codigo, nombre, coddepartamento) VALUES ('27082', 'Litoral de san juan (docordo)', '27');
INSERT INTO public.ciudad (codigo, nombre, coddepartamento) VALUES ('27099', 'Bojaya ( bellavista )', '27');
INSERT INTO public.ciudad (codigo, nombre, coddepartamento) VALUES ('27135', 'Canton del san pablo', '27');
INSERT INTO public.ciudad (codigo, nombre, coddepartamento) VALUES ('27205', 'Condoto', '27');
INSERT INTO public.ciudad (codigo, nombre, coddepartamento) VALUES ('27245', 'El carmen', '27');
INSERT INTO public.ciudad (codigo, nombre, coddepartamento) VALUES ('27361', 'Itsmina', '27');
INSERT INTO public.ciudad (codigo, nombre, coddepartamento) VALUES ('27372', 'Jurado', '27');
INSERT INTO public.ciudad (codigo, nombre, coddepartamento) VALUES ('27413', 'Lloro', '27');
INSERT INTO public.ciudad (codigo, nombre, coddepartamento) VALUES ('27491', 'Novita', '27');
INSERT INTO public.ciudad (codigo, nombre, coddepartamento) VALUES ('27495', 'Nuqui', '27');
INSERT INTO public.ciudad (codigo, nombre, coddepartamento) VALUES ('27615', 'Riosucio', '27');
INSERT INTO public.ciudad (codigo, nombre, coddepartamento) VALUES ('27660', 'San jose del palmar', '27');
INSERT INTO public.ciudad (codigo, nombre, coddepartamento) VALUES ('27745', 'Sipi', '27');
INSERT INTO public.ciudad (codigo, nombre, coddepartamento) VALUES ('27787', 'Tado', '27');
INSERT INTO public.ciudad (codigo, nombre, coddepartamento) VALUES ('27800', 'Unguia', '27');
INSERT INTO public.ciudad (codigo, nombre, coddepartamento) VALUES ('41001', 'Neiva', '41');
INSERT INTO public.ciudad (codigo, nombre, coddepartamento) VALUES ('41006', 'Acevedo', '41');
INSERT INTO public.ciudad (codigo, nombre, coddepartamento) VALUES ('41013', 'Agrado', '41');
INSERT INTO public.ciudad (codigo, nombre, coddepartamento) VALUES ('13600', 'Rio viejo', '13');
INSERT INTO public.ciudad (codigo, nombre, coddepartamento) VALUES ('13620', 'San cristobal', '13');
INSERT INTO public.ciudad (codigo, nombre, coddepartamento) VALUES ('13647', 'San estanislao', '13');
INSERT INTO public.ciudad (codigo, nombre, coddepartamento) VALUES ('13650', 'San fernando', '13');
INSERT INTO public.ciudad (codigo, nombre, coddepartamento) VALUES ('13654', 'San jacinto', '13');
INSERT INTO public.ciudad (codigo, nombre, coddepartamento) VALUES ('13657', 'San juan nepomuceno', '13');
INSERT INTO public.ciudad (codigo, nombre, coddepartamento) VALUES ('13667', 'San martin de loba', '13');
INSERT INTO public.ciudad (codigo, nombre, coddepartamento) VALUES ('13670', 'San pablo', '13');
INSERT INTO public.ciudad (codigo, nombre, coddepartamento) VALUES ('13673', 'Santa catalina', '13');
INSERT INTO public.ciudad (codigo, nombre, coddepartamento) VALUES ('13683', 'Santa rosa', '13');
INSERT INTO public.ciudad (codigo, nombre, coddepartamento) VALUES ('13688', 'Santa rosa del sur', '13');
INSERT INTO public.ciudad (codigo, nombre, coddepartamento) VALUES ('13744', 'Simiti', '13');
INSERT INTO public.ciudad (codigo, nombre, coddepartamento) VALUES ('13760', 'Soplaviento', '13');
INSERT INTO public.ciudad (codigo, nombre, coddepartamento) VALUES ('13780', 'Talaigua nuevo', '13');
INSERT INTO public.ciudad (codigo, nombre, coddepartamento) VALUES ('13810', 'Tiquisio', '13');
INSERT INTO public.ciudad (codigo, nombre, coddepartamento) VALUES ('13836', 'Turbaco', '13');
INSERT INTO public.ciudad (codigo, nombre, coddepartamento) VALUES ('13838', 'Turbana', '13');
INSERT INTO public.ciudad (codigo, nombre, coddepartamento) VALUES ('13873', 'Villanueva', '13');
INSERT INTO public.ciudad (codigo, nombre, coddepartamento) VALUES ('13894', 'Zambrano', '13');
INSERT INTO public.ciudad (codigo, nombre, coddepartamento) VALUES ('15001', 'Tunja', '15');
INSERT INTO public.ciudad (codigo, nombre, coddepartamento) VALUES ('15022', 'Almeida', '15');
INSERT INTO public.ciudad (codigo, nombre, coddepartamento) VALUES ('15047', 'Aquitania', '15');
INSERT INTO public.ciudad (codigo, nombre, coddepartamento) VALUES ('15051', 'Arcabuco', '15');
INSERT INTO public.ciudad (codigo, nombre, coddepartamento) VALUES ('15087', 'Belen', '15');
INSERT INTO public.ciudad (codigo, nombre, coddepartamento) VALUES ('15090', 'Berbeo', '15');
INSERT INTO public.ciudad (codigo, nombre, coddepartamento) VALUES ('15092', 'Beteitiva', '15');
INSERT INTO public.ciudad (codigo, nombre, coddepartamento) VALUES ('15097', 'Boavita', '15');
INSERT INTO public.ciudad (codigo, nombre, coddepartamento) VALUES ('15104', 'Boyaca', '15');
INSERT INTO public.ciudad (codigo, nombre, coddepartamento) VALUES ('15106', 'Briceno', '15');
INSERT INTO public.ciudad (codigo, nombre, coddepartamento) VALUES ('15109', 'Buenavista', '15');
INSERT INTO public.ciudad (codigo, nombre, coddepartamento) VALUES ('15114', 'Busbanza', '15');
INSERT INTO public.ciudad (codigo, nombre, coddepartamento) VALUES ('15131', 'Caldas', '15');
INSERT INTO public.ciudad (codigo, nombre, coddepartamento) VALUES ('15135', 'Campohermoso', '15');
INSERT INTO public.ciudad (codigo, nombre, coddepartamento) VALUES ('15162', 'Cerinza', '15');
INSERT INTO public.ciudad (codigo, nombre, coddepartamento) VALUES ('15172', 'Chinavita', '15');
INSERT INTO public.ciudad (codigo, nombre, coddepartamento) VALUES ('15176', 'Chiquinquira', '15');
INSERT INTO public.ciudad (codigo, nombre, coddepartamento) VALUES ('15180', 'Chiscas', '15');
INSERT INTO public.ciudad (codigo, nombre, coddepartamento) VALUES ('15183', 'Chita', '15');
INSERT INTO public.ciudad (codigo, nombre, coddepartamento) VALUES ('15185', 'Chitaraque', '15');
INSERT INTO public.ciudad (codigo, nombre, coddepartamento) VALUES ('15187', 'Chivata', '15');
INSERT INTO public.ciudad (codigo, nombre, coddepartamento) VALUES ('15189', 'Cienega', '15');
INSERT INTO public.ciudad (codigo, nombre, coddepartamento) VALUES ('15204', 'Combita', '15');
INSERT INTO public.ciudad (codigo, nombre, coddepartamento) VALUES ('15212', 'Coper', '15');
INSERT INTO public.ciudad (codigo, nombre, coddepartamento) VALUES ('15215', 'Corrales', '15');
INSERT INTO public.ciudad (codigo, nombre, coddepartamento) VALUES ('15218', 'Covarachia', '15');
INSERT INTO public.ciudad (codigo, nombre, coddepartamento) VALUES ('15223', 'Cubara', '15');
INSERT INTO public.ciudad (codigo, nombre, coddepartamento) VALUES ('15224', 'Cucaita', '15');
INSERT INTO public.ciudad (codigo, nombre, coddepartamento) VALUES ('15226', 'Cuitiva', '15');
INSERT INTO public.ciudad (codigo, nombre, coddepartamento) VALUES ('15232', 'Chiquiza', '15');
INSERT INTO public.ciudad (codigo, nombre, coddepartamento) VALUES ('15236', 'Chivor', '15');
INSERT INTO public.ciudad (codigo, nombre, coddepartamento) VALUES ('15238', 'Duitama', '15');
INSERT INTO public.ciudad (codigo, nombre, coddepartamento) VALUES ('15244', 'El cocuy', '15');
INSERT INTO public.ciudad (codigo, nombre, coddepartamento) VALUES ('15248', 'El espino', '15');
INSERT INTO public.ciudad (codigo, nombre, coddepartamento) VALUES ('15272', 'Firavitoba', '15');
INSERT INTO public.ciudad (codigo, nombre, coddepartamento) VALUES ('15276', 'Floresta', '15');
INSERT INTO public.ciudad (codigo, nombre, coddepartamento) VALUES ('15293', 'Gachantiva', '15');
INSERT INTO public.ciudad (codigo, nombre, coddepartamento) VALUES ('15296', 'Gameza', '15');
INSERT INTO public.ciudad (codigo, nombre, coddepartamento) VALUES ('15299', 'Garagoa', '15');
INSERT INTO public.ciudad (codigo, nombre, coddepartamento) VALUES ('15317', 'Guacamayas', '15');
INSERT INTO public.ciudad (codigo, nombre, coddepartamento) VALUES ('15322', 'Guateque', '15');
INSERT INTO public.ciudad (codigo, nombre, coddepartamento) VALUES ('15325', 'Guayata', '15');
INSERT INTO public.ciudad (codigo, nombre, coddepartamento) VALUES ('15332', 'Guican', '15');
INSERT INTO public.ciudad (codigo, nombre, coddepartamento) VALUES ('15362', 'Iza', '15');
INSERT INTO public.ciudad (codigo, nombre, coddepartamento) VALUES ('15367', 'Jenesano', '15');
INSERT INTO public.ciudad (codigo, nombre, coddepartamento) VALUES ('15368', 'Jerico', '15');
INSERT INTO public.ciudad (codigo, nombre, coddepartamento) VALUES ('15377', 'Labranzagrande', '15');
INSERT INTO public.ciudad (codigo, nombre, coddepartamento) VALUES ('15380', 'La capilla', '15');
INSERT INTO public.ciudad (codigo, nombre, coddepartamento) VALUES ('15401', 'La victoria', '15');
INSERT INTO public.ciudad (codigo, nombre, coddepartamento) VALUES ('15403', 'La uvita', '15');
INSERT INTO public.ciudad (codigo, nombre, coddepartamento) VALUES ('15407', 'Villa de leyva', '15');
INSERT INTO public.ciudad (codigo, nombre, coddepartamento) VALUES ('15425', 'Macanal', '15');
INSERT INTO public.ciudad (codigo, nombre, coddepartamento) VALUES ('15442', 'Maripi', '15');
INSERT INTO public.ciudad (codigo, nombre, coddepartamento) VALUES ('15455', 'Miraflores', '15');
INSERT INTO public.ciudad (codigo, nombre, coddepartamento) VALUES ('15464', 'Mongua', '15');
INSERT INTO public.ciudad (codigo, nombre, coddepartamento) VALUES ('15466', 'Mongui', '15');
INSERT INTO public.ciudad (codigo, nombre, coddepartamento) VALUES ('15469', 'Moniquira', '15');
INSERT INTO public.ciudad (codigo, nombre, coddepartamento) VALUES ('15476', 'Motavita', '15');
INSERT INTO public.ciudad (codigo, nombre, coddepartamento) VALUES ('15480', 'Muzo', '15');
INSERT INTO public.ciudad (codigo, nombre, coddepartamento) VALUES ('15491', 'Nobsa', '15');
INSERT INTO public.ciudad (codigo, nombre, coddepartamento) VALUES ('15494', 'Nuevo colon', '15');
INSERT INTO public.ciudad (codigo, nombre, coddepartamento) VALUES ('15500', 'Oicata', '15');
INSERT INTO public.ciudad (codigo, nombre, coddepartamento) VALUES ('15507', 'Otanche', '15');
INSERT INTO public.ciudad (codigo, nombre, coddepartamento) VALUES ('15511', 'Pachavita', '15');
INSERT INTO public.ciudad (codigo, nombre, coddepartamento) VALUES ('15514', 'Paez', '15');
INSERT INTO public.ciudad (codigo, nombre, coddepartamento) VALUES ('15516', 'Paipa', '15');
INSERT INTO public.ciudad (codigo, nombre, coddepartamento) VALUES ('15518', 'Pajarito', '15');
INSERT INTO public.ciudad (codigo, nombre, coddepartamento) VALUES ('15522', 'Panqueba', '15');
INSERT INTO public.ciudad (codigo, nombre, coddepartamento) VALUES ('15531', 'Pauna', '15');
INSERT INTO public.ciudad (codigo, nombre, coddepartamento) VALUES ('15533', 'Paya', '15');
INSERT INTO public.ciudad (codigo, nombre, coddepartamento) VALUES ('15537', 'Paz de rio', '15');
INSERT INTO public.ciudad (codigo, nombre, coddepartamento) VALUES ('15542', 'Pesca', '15');
INSERT INTO public.ciudad (codigo, nombre, coddepartamento) VALUES ('15550', 'Pisva', '15');
INSERT INTO public.ciudad (codigo, nombre, coddepartamento) VALUES ('15572', 'Puerto boyaca', '15');
INSERT INTO public.ciudad (codigo, nombre, coddepartamento) VALUES ('15580', 'Quipama', '15');
INSERT INTO public.ciudad (codigo, nombre, coddepartamento) VALUES ('15599', 'Ramiriqui', '15');
INSERT INTO public.ciudad (codigo, nombre, coddepartamento) VALUES ('15600', 'Raquira', '15');
INSERT INTO public.ciudad (codigo, nombre, coddepartamento) VALUES ('15621', 'Rondon', '15');
INSERT INTO public.ciudad (codigo, nombre, coddepartamento) VALUES ('15632', 'Saboya', '15');
INSERT INTO public.ciudad (codigo, nombre, coddepartamento) VALUES ('15638', 'Sachica', '15');
INSERT INTO public.ciudad (codigo, nombre, coddepartamento) VALUES ('15646', 'Samaca', '15');
INSERT INTO public.ciudad (codigo, nombre, coddepartamento) VALUES ('15660', 'San eduardo', '15');
INSERT INTO public.ciudad (codigo, nombre, coddepartamento) VALUES ('15664', 'San jose de pare', '15');
INSERT INTO public.ciudad (codigo, nombre, coddepartamento) VALUES ('15667', 'San luis de gaceno', '15');
INSERT INTO public.ciudad (codigo, nombre, coddepartamento) VALUES ('15673', 'San mateo', '15');
INSERT INTO public.ciudad (codigo, nombre, coddepartamento) VALUES ('15676', 'San miguel de sema', '15');
INSERT INTO public.ciudad (codigo, nombre, coddepartamento) VALUES ('15681', 'San pablo de borbur', '15');
INSERT INTO public.ciudad (codigo, nombre, coddepartamento) VALUES ('15686', 'Santana', '15');
INSERT INTO public.ciudad (codigo, nombre, coddepartamento) VALUES ('15690', 'Santa maria', '15');
INSERT INTO public.ciudad (codigo, nombre, coddepartamento) VALUES ('15693', 'Santa rosa de viterbo', '15');
INSERT INTO public.ciudad (codigo, nombre, coddepartamento) VALUES ('15696', 'Santa sofia', '15');
INSERT INTO public.ciudad (codigo, nombre, coddepartamento) VALUES ('15720', 'Sativanorte', '15');
INSERT INTO public.ciudad (codigo, nombre, coddepartamento) VALUES ('15723', 'Sativasur', '15');
INSERT INTO public.ciudad (codigo, nombre, coddepartamento) VALUES ('15740', 'Siachoque', '15');
INSERT INTO public.ciudad (codigo, nombre, coddepartamento) VALUES ('15753', 'Soata', '15');
INSERT INTO public.ciudad (codigo, nombre, coddepartamento) VALUES ('15755', 'Socota', '15');
INSERT INTO public.ciudad (codigo, nombre, coddepartamento) VALUES ('15757', 'Socha', '15');
INSERT INTO public.ciudad (codigo, nombre, coddepartamento) VALUES ('15759', 'Sogamoso', '15');
INSERT INTO public.ciudad (codigo, nombre, coddepartamento) VALUES ('15761', 'Somondoco', '15');
INSERT INTO public.ciudad (codigo, nombre, coddepartamento) VALUES ('15762', 'Sora', '15');
INSERT INTO public.ciudad (codigo, nombre, coddepartamento) VALUES ('15763', 'Sotaquira', '15');
INSERT INTO public.ciudad (codigo, nombre, coddepartamento) VALUES ('15764', 'Soraca', '15');
INSERT INTO public.ciudad (codigo, nombre, coddepartamento) VALUES ('15774', 'Susacon', '15');
INSERT INTO public.ciudad (codigo, nombre, coddepartamento) VALUES ('15776', 'Sutamarchan', '15');
INSERT INTO public.ciudad (codigo, nombre, coddepartamento) VALUES ('15778', 'Sutatenza', '15');
INSERT INTO public.ciudad (codigo, nombre, coddepartamento) VALUES ('15790', 'Tasco', '15');
INSERT INTO public.ciudad (codigo, nombre, coddepartamento) VALUES ('15798', 'Tenza', '15');
INSERT INTO public.ciudad (codigo, nombre, coddepartamento) VALUES ('15804', 'Tibana', '15');
INSERT INTO public.ciudad (codigo, nombre, coddepartamento) VALUES ('15806', 'Tibasosa', '15');
INSERT INTO public.ciudad (codigo, nombre, coddepartamento) VALUES ('15808', 'Tinjaca', '15');
INSERT INTO public.ciudad (codigo, nombre, coddepartamento) VALUES ('15810', 'Tipacoque', '15');
INSERT INTO public.ciudad (codigo, nombre, coddepartamento) VALUES ('15814', 'Toca', '15');
INSERT INTO public.ciudad (codigo, nombre, coddepartamento) VALUES ('15816', 'Togui', '15');
INSERT INTO public.ciudad (codigo, nombre, coddepartamento) VALUES ('15820', 'Topaga', '15');
INSERT INTO public.ciudad (codigo, nombre, coddepartamento) VALUES ('15822', 'Tota', '15');
INSERT INTO public.ciudad (codigo, nombre, coddepartamento) VALUES ('15832', 'Tunungua', '15');
INSERT INTO public.ciudad (codigo, nombre, coddepartamento) VALUES ('15835', 'Turmeque', '15');
INSERT INTO public.ciudad (codigo, nombre, coddepartamento) VALUES ('15837', 'Tuta', '15');
INSERT INTO public.ciudad (codigo, nombre, coddepartamento) VALUES ('15839', 'Tutasa', '15');
INSERT INTO public.ciudad (codigo, nombre, coddepartamento) VALUES ('15842', 'Umbita', '15');
INSERT INTO public.ciudad (codigo, nombre, coddepartamento) VALUES ('15861', 'Ventaquemada', '15');
INSERT INTO public.ciudad (codigo, nombre, coddepartamento) VALUES ('15879', 'Viracacha', '15');
INSERT INTO public.ciudad (codigo, nombre, coddepartamento) VALUES ('15897', 'Zetaquira', '15');
INSERT INTO public.ciudad (codigo, nombre, coddepartamento) VALUES ('17001', 'Manizales', '17');
INSERT INTO public.ciudad (codigo, nombre, coddepartamento) VALUES ('17013', 'Aguadas', '17');
INSERT INTO public.ciudad (codigo, nombre, coddepartamento) VALUES ('17042', 'Anserma', '17');
INSERT INTO public.ciudad (codigo, nombre, coddepartamento) VALUES ('17050', 'Aranzazu', '17');
INSERT INTO public.ciudad (codigo, nombre, coddepartamento) VALUES ('17088', 'Belalcazar', '17');
INSERT INTO public.ciudad (codigo, nombre, coddepartamento) VALUES ('17174', 'Chinchina', '17');
INSERT INTO public.ciudad (codigo, nombre, coddepartamento) VALUES ('17272', 'Filadelfia', '17');
INSERT INTO public.ciudad (codigo, nombre, coddepartamento) VALUES ('17380', 'La dorada', '17');
INSERT INTO public.ciudad (codigo, nombre, coddepartamento) VALUES ('17388', 'La merced', '17');
INSERT INTO public.ciudad (codigo, nombre, coddepartamento) VALUES ('17433', 'Manzanares', '17');
INSERT INTO public.ciudad (codigo, nombre, coddepartamento) VALUES ('17442', 'Marmato', '17');
INSERT INTO public.ciudad (codigo, nombre, coddepartamento) VALUES ('17444', 'Marquetalia', '17');
INSERT INTO public.ciudad (codigo, nombre, coddepartamento) VALUES ('17446', 'Marulanda', '17');
INSERT INTO public.ciudad (codigo, nombre, coddepartamento) VALUES ('17486', 'Neira', '17');
INSERT INTO public.ciudad (codigo, nombre, coddepartamento) VALUES ('17513', 'Pacora', '17');
INSERT INTO public.ciudad (codigo, nombre, coddepartamento) VALUES ('17524', 'Palestina', '17');
INSERT INTO public.ciudad (codigo, nombre, coddepartamento) VALUES ('17541', 'Pensilvania', '17');
INSERT INTO public.ciudad (codigo, nombre, coddepartamento) VALUES ('17614', 'Riosucio', '17');
INSERT INTO public.ciudad (codigo, nombre, coddepartamento) VALUES ('17616', 'Risaralda', '17');
INSERT INTO public.ciudad (codigo, nombre, coddepartamento) VALUES ('17653', 'Salamina', '17');
INSERT INTO public.ciudad (codigo, nombre, coddepartamento) VALUES ('17662', 'Samana', '17');
INSERT INTO public.ciudad (codigo, nombre, coddepartamento) VALUES ('17777', 'Supia', '17');
INSERT INTO public.ciudad (codigo, nombre, coddepartamento) VALUES ('17867', 'Victoria', '17');
INSERT INTO public.ciudad (codigo, nombre, coddepartamento) VALUES ('17873', 'Villamaria', '17');
INSERT INTO public.ciudad (codigo, nombre, coddepartamento) VALUES ('17877', 'Viterbo', '17');
INSERT INTO public.ciudad (codigo, nombre, coddepartamento) VALUES ('18001', 'Florencia', '18');
INSERT INTO public.ciudad (codigo, nombre, coddepartamento) VALUES ('18029', 'Albania', '18');
INSERT INTO public.ciudad (codigo, nombre, coddepartamento) VALUES ('18094', 'Belen de los andaquies', '18');
INSERT INTO public.ciudad (codigo, nombre, coddepartamento) VALUES ('18150', 'Cartagena del chaira', '18');
INSERT INTO public.ciudad (codigo, nombre, coddepartamento) VALUES ('18205', 'Curillo', '18');
INSERT INTO public.ciudad (codigo, nombre, coddepartamento) VALUES ('18247', 'El doncello', '18');
INSERT INTO public.ciudad (codigo, nombre, coddepartamento) VALUES ('18256', 'El paujil', '18');
INSERT INTO public.ciudad (codigo, nombre, coddepartamento) VALUES ('18410', 'La montañita', '18');
INSERT INTO public.ciudad (codigo, nombre, coddepartamento) VALUES ('18460', 'Milan', '18');
INSERT INTO public.ciudad (codigo, nombre, coddepartamento) VALUES ('18479', 'Morelia', '18');
INSERT INTO public.ciudad (codigo, nombre, coddepartamento) VALUES ('18592', 'Puerto rico', '18');
INSERT INTO public.ciudad (codigo, nombre, coddepartamento) VALUES ('18610', 'San jose de fragua', '18');
INSERT INTO public.ciudad (codigo, nombre, coddepartamento) VALUES ('18753', 'San vicente del caguan', '18');
INSERT INTO public.ciudad (codigo, nombre, coddepartamento) VALUES ('18765', 'Solano', '18');
INSERT INTO public.ciudad (codigo, nombre, coddepartamento) VALUES ('18860', 'Valparaiso', '18');
INSERT INTO public.ciudad (codigo, nombre, coddepartamento) VALUES ('19001', 'Popayan', '19');
INSERT INTO public.ciudad (codigo, nombre, coddepartamento) VALUES ('19022', 'Almaguer', '19');
INSERT INTO public.ciudad (codigo, nombre, coddepartamento) VALUES ('19050', 'Argelia', '19');
INSERT INTO public.ciudad (codigo, nombre, coddepartamento) VALUES ('19075', 'Balboa', '19');
INSERT INTO public.ciudad (codigo, nombre, coddepartamento) VALUES ('19100', 'Bolivar', '19');
INSERT INTO public.ciudad (codigo, nombre, coddepartamento) VALUES ('19110', 'Buenos aires', '19');
INSERT INTO public.ciudad (codigo, nombre, coddepartamento) VALUES ('19130', 'Cajibio', '19');
INSERT INTO public.ciudad (codigo, nombre, coddepartamento) VALUES ('19137', 'Caldono', '19');
INSERT INTO public.ciudad (codigo, nombre, coddepartamento) VALUES ('19142', 'Caloto', '19');
INSERT INTO public.ciudad (codigo, nombre, coddepartamento) VALUES ('19212', 'Corinto', '19');
INSERT INTO public.ciudad (codigo, nombre, coddepartamento) VALUES ('19256', 'El tambo', '19');
INSERT INTO public.ciudad (codigo, nombre, coddepartamento) VALUES ('19290', 'Florencia', '19');
INSERT INTO public.ciudad (codigo, nombre, coddepartamento) VALUES ('19318', 'Guapi', '19');
INSERT INTO public.ciudad (codigo, nombre, coddepartamento) VALUES ('19355', 'Inza', '19');
INSERT INTO public.ciudad (codigo, nombre, coddepartamento) VALUES ('19364', 'Jambalo', '19');
INSERT INTO public.ciudad (codigo, nombre, coddepartamento) VALUES ('19392', 'La sierra', '19');
INSERT INTO public.ciudad (codigo, nombre, coddepartamento) VALUES ('19397', 'La vega', '19');
INSERT INTO public.ciudad (codigo, nombre, coddepartamento) VALUES ('19418', 'Lopez', '19');
INSERT INTO public.ciudad (codigo, nombre, coddepartamento) VALUES ('19450', 'Mercaderes', '19');
INSERT INTO public.ciudad (codigo, nombre, coddepartamento) VALUES ('19455', 'Miranda', '19');
INSERT INTO public.ciudad (codigo, nombre, coddepartamento) VALUES ('19473', 'Morales', '19');
INSERT INTO public.ciudad (codigo, nombre, coddepartamento) VALUES ('19513', 'Padilla', '19');
INSERT INTO public.ciudad (codigo, nombre, coddepartamento) VALUES ('19517', 'Paez  (belalcazar )', '19');
INSERT INTO public.ciudad (codigo, nombre, coddepartamento) VALUES ('5002', 'Abejorral', '5');
INSERT INTO public.ciudad (codigo, nombre, coddepartamento) VALUES ('5004', 'Abriaqui', '5');
INSERT INTO public.ciudad (codigo, nombre, coddepartamento) VALUES ('5021', 'Alejandria', '5');
INSERT INTO public.ciudad (codigo, nombre, coddepartamento) VALUES ('5030', 'Amaga', '5');
INSERT INTO public.ciudad (codigo, nombre, coddepartamento) VALUES ('5031', 'Amalfi', '5');
INSERT INTO public.ciudad (codigo, nombre, coddepartamento) VALUES ('5034', 'Andes', '5');
INSERT INTO public.ciudad (codigo, nombre, coddepartamento) VALUES ('5036', 'Angelopolis', '5');
INSERT INTO public.ciudad (codigo, nombre, coddepartamento) VALUES ('5038', 'Angostura', '5');
INSERT INTO public.ciudad (codigo, nombre, coddepartamento) VALUES ('5040', 'Anori', '5');
INSERT INTO public.ciudad (codigo, nombre, coddepartamento) VALUES ('5042', 'Antioquia', '5');
INSERT INTO public.ciudad (codigo, nombre, coddepartamento) VALUES ('5044', 'Anza', '5');
INSERT INTO public.ciudad (codigo, nombre, coddepartamento) VALUES ('5045', 'Apartado', '5');
INSERT INTO public.ciudad (codigo, nombre, coddepartamento) VALUES ('5051', 'Arboletes', '5');
INSERT INTO public.ciudad (codigo, nombre, coddepartamento) VALUES ('5055', 'Argelia', '5');
INSERT INTO public.ciudad (codigo, nombre, coddepartamento) VALUES ('5059', 'Armenia', '5');
INSERT INTO public.ciudad (codigo, nombre, coddepartamento) VALUES ('5079', 'Barbosa', '5');
INSERT INTO public.ciudad (codigo, nombre, coddepartamento) VALUES ('5086', 'Belmira', '5');
INSERT INTO public.ciudad (codigo, nombre, coddepartamento) VALUES ('5088', 'Bello', '5');
INSERT INTO public.ciudad (codigo, nombre, coddepartamento) VALUES ('5091', 'Betania', '5');
INSERT INTO public.ciudad (codigo, nombre, coddepartamento) VALUES ('5093', 'Betulia', '5');
INSERT INTO public.ciudad (codigo, nombre, coddepartamento) VALUES ('5101', 'Bolivar', '5');
INSERT INTO public.ciudad (codigo, nombre, coddepartamento) VALUES ('5107', 'Briceño', '5');
INSERT INTO public.ciudad (codigo, nombre, coddepartamento) VALUES ('5113', 'Buritica', '5');
INSERT INTO public.ciudad (codigo, nombre, coddepartamento) VALUES ('5120', 'Caceres', '5');
INSERT INTO public.ciudad (codigo, nombre, coddepartamento) VALUES ('5125', 'Caicedo', '5');
INSERT INTO public.ciudad (codigo, nombre, coddepartamento) VALUES ('5129', 'Caldas', '5');
INSERT INTO public.ciudad (codigo, nombre, coddepartamento) VALUES ('5134', 'Campamento', '5');
INSERT INTO public.ciudad (codigo, nombre, coddepartamento) VALUES ('5138', 'Cañasgordas', '5');
INSERT INTO public.ciudad (codigo, nombre, coddepartamento) VALUES ('5142', 'Caracoli', '5');
INSERT INTO public.ciudad (codigo, nombre, coddepartamento) VALUES ('5145', 'Caramanta', '5');
INSERT INTO public.ciudad (codigo, nombre, coddepartamento) VALUES ('5147', 'Carepa', '5');
INSERT INTO public.ciudad (codigo, nombre, coddepartamento) VALUES ('5148', 'Carmen de viboral', '5');
INSERT INTO public.ciudad (codigo, nombre, coddepartamento) VALUES ('5150', 'Carolina', '5');
INSERT INTO public.ciudad (codigo, nombre, coddepartamento) VALUES ('5154', 'Caucasia', '5');
INSERT INTO public.ciudad (codigo, nombre, coddepartamento) VALUES ('5172', 'Chigorodo', '5');
INSERT INTO public.ciudad (codigo, nombre, coddepartamento) VALUES ('5190', 'Cisneros', '5');
INSERT INTO public.ciudad (codigo, nombre, coddepartamento) VALUES ('5197', 'Cocorna', '5');
INSERT INTO public.ciudad (codigo, nombre, coddepartamento) VALUES ('5206', 'Concepcion', '5');
INSERT INTO public.ciudad (codigo, nombre, coddepartamento) VALUES ('5209', 'Concordia', '5');
INSERT INTO public.ciudad (codigo, nombre, coddepartamento) VALUES ('5212', 'Copacabana', '5');
INSERT INTO public.ciudad (codigo, nombre, coddepartamento) VALUES ('5234', 'Dabeiba', '5');
INSERT INTO public.ciudad (codigo, nombre, coddepartamento) VALUES ('5237', 'Don matias', '5');
INSERT INTO public.ciudad (codigo, nombre, coddepartamento) VALUES ('5240', 'Ebejico', '5');
INSERT INTO public.ciudad (codigo, nombre, coddepartamento) VALUES ('5250', 'El bagre', '5');
INSERT INTO public.ciudad (codigo, nombre, coddepartamento) VALUES ('5264', 'Entrerrios', '5');
INSERT INTO public.ciudad (codigo, nombre, coddepartamento) VALUES ('5266', 'Envigado', '5');
INSERT INTO public.ciudad (codigo, nombre, coddepartamento) VALUES ('5282', 'Fredonia', '5');
INSERT INTO public.ciudad (codigo, nombre, coddepartamento) VALUES ('5284', 'Frontino', '5');
INSERT INTO public.ciudad (codigo, nombre, coddepartamento) VALUES ('5306', 'Giraldo', '5');
INSERT INTO public.ciudad (codigo, nombre, coddepartamento) VALUES ('5308', 'Girardota', '5');
INSERT INTO public.ciudad (codigo, nombre, coddepartamento) VALUES ('5310', 'Gomez plata', '5');
INSERT INTO public.ciudad (codigo, nombre, coddepartamento) VALUES ('5313', 'Granada', '5');
INSERT INTO public.ciudad (codigo, nombre, coddepartamento) VALUES ('5315', 'Guadalupe', '5');
INSERT INTO public.ciudad (codigo, nombre, coddepartamento) VALUES ('5318', 'Guarne', '5');
INSERT INTO public.ciudad (codigo, nombre, coddepartamento) VALUES ('5321', 'Guatape', '5');
INSERT INTO public.ciudad (codigo, nombre, coddepartamento) VALUES ('5347', 'Heliconia', '5');
INSERT INTO public.ciudad (codigo, nombre, coddepartamento) VALUES ('5353', 'Hispania', '5');
INSERT INTO public.ciudad (codigo, nombre, coddepartamento) VALUES ('5360', 'Itagui', '5');
INSERT INTO public.ciudad (codigo, nombre, coddepartamento) VALUES ('5361', 'Ituango', '5');
INSERT INTO public.ciudad (codigo, nombre, coddepartamento) VALUES ('5364', 'Jardin', '5');
INSERT INTO public.ciudad (codigo, nombre, coddepartamento) VALUES ('5368', 'Jerico', '5');
INSERT INTO public.ciudad (codigo, nombre, coddepartamento) VALUES ('5376', 'La ceja', '5');
INSERT INTO public.ciudad (codigo, nombre, coddepartamento) VALUES ('5380', 'La estrella', '5');
INSERT INTO public.ciudad (codigo, nombre, coddepartamento) VALUES ('5400', 'La union', '5');
INSERT INTO public.ciudad (codigo, nombre, coddepartamento) VALUES ('5411', 'Liborina', '5');
INSERT INTO public.ciudad (codigo, nombre, coddepartamento) VALUES ('5425', 'Maceo', '5');
INSERT INTO public.ciudad (codigo, nombre, coddepartamento) VALUES ('5440', 'Marinilla', '5');
INSERT INTO public.ciudad (codigo, nombre, coddepartamento) VALUES ('5467', 'Montebello', '5');
INSERT INTO public.ciudad (codigo, nombre, coddepartamento) VALUES ('5475', 'Murindo', '5');
INSERT INTO public.ciudad (codigo, nombre, coddepartamento) VALUES ('5480', 'Mutata', '5');
INSERT INTO public.ciudad (codigo, nombre, coddepartamento) VALUES ('5483', 'Nariño', '5');
INSERT INTO public.ciudad (codigo, nombre, coddepartamento) VALUES ('5490', 'Necocli', '5');
INSERT INTO public.ciudad (codigo, nombre, coddepartamento) VALUES ('5495', 'Nechi', '5');
INSERT INTO public.ciudad (codigo, nombre, coddepartamento) VALUES ('5501', 'Olaya', '5');
INSERT INTO public.ciudad (codigo, nombre, coddepartamento) VALUES ('5541', 'Peñol', '5');
INSERT INTO public.ciudad (codigo, nombre, coddepartamento) VALUES ('5543', 'Peque', '5');
INSERT INTO public.ciudad (codigo, nombre, coddepartamento) VALUES ('5576', 'Pueblorrico', '5');
INSERT INTO public.ciudad (codigo, nombre, coddepartamento) VALUES ('5579', 'Puerto berrio', '5');
INSERT INTO public.ciudad (codigo, nombre, coddepartamento) VALUES ('5585', 'Pto nare (la magdalena)', '5');
INSERT INTO public.ciudad (codigo, nombre, coddepartamento) VALUES ('5591', 'Puerto triunfo', '5');
INSERT INTO public.ciudad (codigo, nombre, coddepartamento) VALUES ('5604', 'Remedios', '5');
INSERT INTO public.ciudad (codigo, nombre, coddepartamento) VALUES ('5607', 'Retiro', '5');
INSERT INTO public.ciudad (codigo, nombre, coddepartamento) VALUES ('5615', 'Rionegro', '5');
INSERT INTO public.ciudad (codigo, nombre, coddepartamento) VALUES ('5628', 'Sabanalarga', '5');
INSERT INTO public.ciudad (codigo, nombre, coddepartamento) VALUES ('5631', 'Sabaneta', '5');
INSERT INTO public.ciudad (codigo, nombre, coddepartamento) VALUES ('5642', 'Salgar', '5');
INSERT INTO public.ciudad (codigo, nombre, coddepartamento) VALUES ('5647', 'San andres', '5');
INSERT INTO public.ciudad (codigo, nombre, coddepartamento) VALUES ('5649', 'San carlos', '5');
INSERT INTO public.ciudad (codigo, nombre, coddepartamento) VALUES ('5652', 'San francisco', '5');
INSERT INTO public.ciudad (codigo, nombre, coddepartamento) VALUES ('5656', 'San jeronimo', '5');
INSERT INTO public.ciudad (codigo, nombre, coddepartamento) VALUES ('5658', 'San jose de la montaña', '5');
INSERT INTO public.ciudad (codigo, nombre, coddepartamento) VALUES ('5659', 'San juan de uraba', '5');
INSERT INTO public.ciudad (codigo, nombre, coddepartamento) VALUES ('5660', 'San luis', '5');
INSERT INTO public.ciudad (codigo, nombre, coddepartamento) VALUES ('5664', 'San pedro', '5');
INSERT INTO public.ciudad (codigo, nombre, coddepartamento) VALUES ('5665', 'San pedro de uraba', '5');
INSERT INTO public.ciudad (codigo, nombre, coddepartamento) VALUES ('5667', 'San rafael', '5');
INSERT INTO public.ciudad (codigo, nombre, coddepartamento) VALUES ('5670', 'San roque', '5');
INSERT INTO public.ciudad (codigo, nombre, coddepartamento) VALUES ('5674', 'San vicente', '5');
INSERT INTO public.ciudad (codigo, nombre, coddepartamento) VALUES ('5679', 'Santa barbara', '5');
INSERT INTO public.ciudad (codigo, nombre, coddepartamento) VALUES ('5686', 'Santa rosa de osos', '5');
INSERT INTO public.ciudad (codigo, nombre, coddepartamento) VALUES ('5690', 'Santo domingo', '5');
INSERT INTO public.ciudad (codigo, nombre, coddepartamento) VALUES ('5697', 'Santuario', '5');
INSERT INTO public.ciudad (codigo, nombre, coddepartamento) VALUES ('5736', 'Segovia', '5');
INSERT INTO public.ciudad (codigo, nombre, coddepartamento) VALUES ('5756', 'Sonson', '5');
INSERT INTO public.ciudad (codigo, nombre, coddepartamento) VALUES ('5761', 'Sopetran', '5');
INSERT INTO public.ciudad (codigo, nombre, coddepartamento) VALUES ('5789', 'Tamesis', '5');
INSERT INTO public.ciudad (codigo, nombre, coddepartamento) VALUES ('5790', 'Taraza', '5');
INSERT INTO public.ciudad (codigo, nombre, coddepartamento) VALUES ('5792', 'Tarso', '5');
INSERT INTO public.ciudad (codigo, nombre, coddepartamento) VALUES ('5809', 'Titiribi', '5');
INSERT INTO public.ciudad (codigo, nombre, coddepartamento) VALUES ('5819', 'Toledo', '5');
INSERT INTO public.ciudad (codigo, nombre, coddepartamento) VALUES ('5837', 'Turbo', '5');
INSERT INTO public.ciudad (codigo, nombre, coddepartamento) VALUES ('5842', 'Uramita', '5');
INSERT INTO public.ciudad (codigo, nombre, coddepartamento) VALUES ('5847', 'Urrao', '5');
INSERT INTO public.ciudad (codigo, nombre, coddepartamento) VALUES ('5854', 'Valdivia', '5');
INSERT INTO public.ciudad (codigo, nombre, coddepartamento) VALUES ('5856', 'Valparaiso', '5');
INSERT INTO public.ciudad (codigo, nombre, coddepartamento) VALUES ('5858', 'Vegachi', '5');
INSERT INTO public.ciudad (codigo, nombre, coddepartamento) VALUES ('5861', 'Venecia', '5');
INSERT INTO public.ciudad (codigo, nombre, coddepartamento) VALUES ('5873', 'Vigia del fuerte', '5');
INSERT INTO public.ciudad (codigo, nombre, coddepartamento) VALUES ('5885', 'Yali', '5');
INSERT INTO public.ciudad (codigo, nombre, coddepartamento) VALUES ('5887', 'Yarumal', '5');
INSERT INTO public.ciudad (codigo, nombre, coddepartamento) VALUES ('5890', 'Yolombo', '5');
INSERT INTO public.ciudad (codigo, nombre, coddepartamento) VALUES ('5893', 'Yondo', '5');
INSERT INTO public.ciudad (codigo, nombre, coddepartamento) VALUES ('5895', 'Zaragoza', '5');
INSERT INTO public.ciudad (codigo, nombre, coddepartamento) VALUES ('5999', 'La pintada', '5');
INSERT INTO public.ciudad (codigo, nombre, coddepartamento) VALUES ('8001', 'Barranquilla (distrito)', '8');
INSERT INTO public.ciudad (codigo, nombre, coddepartamento) VALUES ('8078', 'Baranoa', '8');
INSERT INTO public.ciudad (codigo, nombre, coddepartamento) VALUES ('8137', 'Campo de la cruz', '8');
INSERT INTO public.ciudad (codigo, nombre, coddepartamento) VALUES ('8141', 'Candelaria', '8');
INSERT INTO public.ciudad (codigo, nombre, coddepartamento) VALUES ('8296', 'Galapa', '8');
INSERT INTO public.ciudad (codigo, nombre, coddepartamento) VALUES ('8372', 'Juan de acosta', '8');
INSERT INTO public.ciudad (codigo, nombre, coddepartamento) VALUES ('8421', 'Luruaco', '8');
INSERT INTO public.ciudad (codigo, nombre, coddepartamento) VALUES ('8433', 'Malambo', '8');
INSERT INTO public.ciudad (codigo, nombre, coddepartamento) VALUES ('8436', 'Manati', '8');
INSERT INTO public.ciudad (codigo, nombre, coddepartamento) VALUES ('8520', 'Palmar de varela', '8');
INSERT INTO public.ciudad (codigo, nombre, coddepartamento) VALUES ('8549', 'Piojo', '8');
INSERT INTO public.ciudad (codigo, nombre, coddepartamento) VALUES ('8558', 'Polonuevo', '8');
INSERT INTO public.ciudad (codigo, nombre, coddepartamento) VALUES ('8560', 'Ponedera', '8');
INSERT INTO public.ciudad (codigo, nombre, coddepartamento) VALUES ('8573', 'Puerto colombia', '8');
INSERT INTO public.ciudad (codigo, nombre, coddepartamento) VALUES ('8606', 'Repelon', '8');
INSERT INTO public.ciudad (codigo, nombre, coddepartamento) VALUES ('8634', 'Sabanagrande', '8');
INSERT INTO public.ciudad (codigo, nombre, coddepartamento) VALUES ('8638', 'Sabanalarga', '8');
INSERT INTO public.ciudad (codigo, nombre, coddepartamento) VALUES ('8675', 'Santa lucia', '8');
INSERT INTO public.ciudad (codigo, nombre, coddepartamento) VALUES ('8685', 'Santo tomas', '8');
INSERT INTO public.ciudad (codigo, nombre, coddepartamento) VALUES ('8758', 'Soledad', '8');
INSERT INTO public.ciudad (codigo, nombre, coddepartamento) VALUES ('8770', 'Suan', '8');
INSERT INTO public.ciudad (codigo, nombre, coddepartamento) VALUES ('8832', 'Tubara', '8');
INSERT INTO public.ciudad (codigo, nombre, coddepartamento) VALUES ('8849', 'Usiacuri', '8');
INSERT INTO public.ciudad (codigo, nombre, coddepartamento) VALUES ('11001', 'Santafe de bogota d.c.-usaquen', '11');
INSERT INTO public.ciudad (codigo, nombre, coddepartamento) VALUES ('11002', 'Santafe de bogota d.c.-chapinero', '11');
INSERT INTO public.ciudad (codigo, nombre, coddepartamento) VALUES ('11003', 'Santafe de bogota d.c.-santa fe', '11');
INSERT INTO public.ciudad (codigo, nombre, coddepartamento) VALUES ('11004', 'Santafe de bogota d.c.-san cristobal', '11');
INSERT INTO public.ciudad (codigo, nombre, coddepartamento) VALUES ('11005', 'Santafe de bogota d.c.- usme', '11');
INSERT INTO public.ciudad (codigo, nombre, coddepartamento) VALUES ('11006', 'Santafe de bogota d.c.-tunjuelito', '11');
INSERT INTO public.ciudad (codigo, nombre, coddepartamento) VALUES ('11007', 'Santafe de bogota d.c.-bosa', '11');
INSERT INTO public.ciudad (codigo, nombre, coddepartamento) VALUES ('11008', 'Santafe de bogota d.c.-kennedy', '11');
INSERT INTO public.ciudad (codigo, nombre, coddepartamento) VALUES ('11009', 'Santafe de bogota d.c.-fontibon', '11');
INSERT INTO public.ciudad (codigo, nombre, coddepartamento) VALUES ('11010', 'Santafe de bogota d.c.-engativa', '11');
INSERT INTO public.ciudad (codigo, nombre, coddepartamento) VALUES ('11011', 'Santafe de bogota d.c.-suba', '11');
INSERT INTO public.ciudad (codigo, nombre, coddepartamento) VALUES ('11012', 'Santafe de bogota d.c.-barrios unidos', '11');
INSERT INTO public.ciudad (codigo, nombre, coddepartamento) VALUES ('11013', 'Santafe de bogota d.c.-teusaquillo', '11');
INSERT INTO public.ciudad (codigo, nombre, coddepartamento) VALUES ('11014', 'Santafe de bogota d.c.-martires', '11');
INSERT INTO public.ciudad (codigo, nombre, coddepartamento) VALUES ('11015', 'Santafe de bogota d.c.-antonio nariño', '11');
INSERT INTO public.ciudad (codigo, nombre, coddepartamento) VALUES ('11016', 'Santafe de bogota d.c.-puente aranda', '11');
INSERT INTO public.ciudad (codigo, nombre, coddepartamento) VALUES ('11017', 'Santafe de bogota d.c.-candelaria', '11');
INSERT INTO public.ciudad (codigo, nombre, coddepartamento) VALUES ('11018', 'Santafe de bogota d.c.-rafael uribe', '11');
INSERT INTO public.ciudad (codigo, nombre, coddepartamento) VALUES ('11019', 'Santafe de bogota d.c.-ciudad bolivar', '11');
INSERT INTO public.ciudad (codigo, nombre, coddepartamento) VALUES ('11020', 'Santafe de bogota d.c.-sumapaz', '11');
INSERT INTO public.ciudad (codigo, nombre, coddepartamento) VALUES ('13001', 'Cartagena (distrito)', '13');
INSERT INTO public.ciudad (codigo, nombre, coddepartamento) VALUES ('13006', 'Achi', '13');
INSERT INTO public.ciudad (codigo, nombre, coddepartamento) VALUES ('13030', 'Altos del rosario', '13');
INSERT INTO public.ciudad (codigo, nombre, coddepartamento) VALUES ('13042', 'Arenal', '13');
INSERT INTO public.ciudad (codigo, nombre, coddepartamento) VALUES ('13052', 'Arjona', '13');
INSERT INTO public.ciudad (codigo, nombre, coddepartamento) VALUES ('13074', 'Barranco de loba', '13');
INSERT INTO public.ciudad (codigo, nombre, coddepartamento) VALUES ('13140', 'Calamar', '13');
INSERT INTO public.ciudad (codigo, nombre, coddepartamento) VALUES ('13160', 'Cantagallo', '13');
INSERT INTO public.ciudad (codigo, nombre, coddepartamento) VALUES ('13188', 'Cicuco', '13');
INSERT INTO public.ciudad (codigo, nombre, coddepartamento) VALUES ('13212', 'Cordoba', '13');
INSERT INTO public.ciudad (codigo, nombre, coddepartamento) VALUES ('13222', 'Clemencia', '13');
INSERT INTO public.ciudad (codigo, nombre, coddepartamento) VALUES ('13244', 'El carmen de bolivar', '13');
INSERT INTO public.ciudad (codigo, nombre, coddepartamento) VALUES ('13248', 'El guamo', '13');
INSERT INTO public.ciudad (codigo, nombre, coddepartamento) VALUES ('13268', 'El peñon', '13');
INSERT INTO public.ciudad (codigo, nombre, coddepartamento) VALUES ('13300', 'Hatillo de loba', '13');
INSERT INTO public.ciudad (codigo, nombre, coddepartamento) VALUES ('13430', 'Magangue', '13');
INSERT INTO public.ciudad (codigo, nombre, coddepartamento) VALUES ('13433', 'Mahates', '13');
INSERT INTO public.ciudad (codigo, nombre, coddepartamento) VALUES ('13440', 'Margarita', '13');
INSERT INTO public.ciudad (codigo, nombre, coddepartamento) VALUES ('13442', 'Maria la baja', '13');
INSERT INTO public.ciudad (codigo, nombre, coddepartamento) VALUES ('13458', 'Montecristo', '13');
INSERT INTO public.ciudad (codigo, nombre, coddepartamento) VALUES ('13468', 'Mompos', '13');
INSERT INTO public.ciudad (codigo, nombre, coddepartamento) VALUES ('13473', 'Morales', '13');
INSERT INTO public.ciudad (codigo, nombre, coddepartamento) VALUES ('13549', 'Pinillos', '13');
INSERT INTO public.ciudad (codigo, nombre, coddepartamento) VALUES ('13580', 'Regidor', '13');
INSERT INTO public.ciudad (codigo, nombre, coddepartamento) VALUES ('76306', 'Ginebra', '76');
INSERT INTO public.ciudad (codigo, nombre, coddepartamento) VALUES ('76318', 'Guacari', '76');
INSERT INTO public.ciudad (codigo, nombre, coddepartamento) VALUES ('76364', 'Jamundi', '76');
INSERT INTO public.ciudad (codigo, nombre, coddepartamento) VALUES ('76377', 'La cumbre', '76');
INSERT INTO public.ciudad (codigo, nombre, coddepartamento) VALUES ('76400', 'La union', '76');
INSERT INTO public.ciudad (codigo, nombre, coddepartamento) VALUES ('76403', 'La victoria', '76');
INSERT INTO public.ciudad (codigo, nombre, coddepartamento) VALUES ('76497', 'Obando', '76');
INSERT INTO public.ciudad (codigo, nombre, coddepartamento) VALUES ('76520', 'Palmira', '76');
INSERT INTO public.ciudad (codigo, nombre, coddepartamento) VALUES ('76563', 'Pradera', '76');
INSERT INTO public.ciudad (codigo, nombre, coddepartamento) VALUES ('76606', 'Restrepo', '76');
INSERT INTO public.ciudad (codigo, nombre, coddepartamento) VALUES ('76616', 'Riofrio', '76');
INSERT INTO public.ciudad (codigo, nombre, coddepartamento) VALUES ('76622', 'Roldanillo', '76');
INSERT INTO public.ciudad (codigo, nombre, coddepartamento) VALUES ('76670', 'San pedro', '76');
INSERT INTO public.ciudad (codigo, nombre, coddepartamento) VALUES ('76736', 'Sevilla', '76');
INSERT INTO public.ciudad (codigo, nombre, coddepartamento) VALUES ('76823', 'Toro', '76');
INSERT INTO public.ciudad (codigo, nombre, coddepartamento) VALUES ('76828', 'Trujillo', '76');
INSERT INTO public.ciudad (codigo, nombre, coddepartamento) VALUES ('76834', 'Tuluá', '76');
INSERT INTO public.ciudad (codigo, nombre, coddepartamento) VALUES ('76845', 'Ulloa', '76');
INSERT INTO public.ciudad (codigo, nombre, coddepartamento) VALUES ('76863', 'Versalles', '76');
INSERT INTO public.ciudad (codigo, nombre, coddepartamento) VALUES ('76869', 'Vijes', '76');
INSERT INTO public.ciudad (codigo, nombre, coddepartamento) VALUES ('76890', 'Yotoco', '76');
INSERT INTO public.ciudad (codigo, nombre, coddepartamento) VALUES ('76892', 'Yumbo', '76');
INSERT INTO public.ciudad (codigo, nombre, coddepartamento) VALUES ('76895', 'Zarzal', '76');
INSERT INTO public.ciudad (codigo, nombre, coddepartamento) VALUES ('81001', 'Arauca', '81');
INSERT INTO public.ciudad (codigo, nombre, coddepartamento) VALUES ('81065', 'Arauquita', '81');
INSERT INTO public.ciudad (codigo, nombre, coddepartamento) VALUES ('81220', 'Cravo norte', '81');
INSERT INTO public.ciudad (codigo, nombre, coddepartamento) VALUES ('81300', 'Fortul', '81');
INSERT INTO public.ciudad (codigo, nombre, coddepartamento) VALUES ('81591', 'Puerto rondon', '81');
INSERT INTO public.ciudad (codigo, nombre, coddepartamento) VALUES ('81736', 'Saravena', '81');
INSERT INTO public.ciudad (codigo, nombre, coddepartamento) VALUES ('81794', 'Tame', '81');
INSERT INTO public.ciudad (codigo, nombre, coddepartamento) VALUES ('85001', 'Yopal', '85');
INSERT INTO public.ciudad (codigo, nombre, coddepartamento) VALUES ('85010', 'Aguazul', '85');
INSERT INTO public.ciudad (codigo, nombre, coddepartamento) VALUES ('85015', 'Chameza', '85');
INSERT INTO public.ciudad (codigo, nombre, coddepartamento) VALUES ('85125', 'Hato corozal', '85');
INSERT INTO public.ciudad (codigo, nombre, coddepartamento) VALUES ('85136', 'La salina', '85');
INSERT INTO public.ciudad (codigo, nombre, coddepartamento) VALUES ('85139', 'Mani', '85');
INSERT INTO public.ciudad (codigo, nombre, coddepartamento) VALUES ('85162', 'Monterrey', '85');
INSERT INTO public.ciudad (codigo, nombre, coddepartamento) VALUES ('85225', 'Nunchia', '85');
INSERT INTO public.ciudad (codigo, nombre, coddepartamento) VALUES ('85230', 'Orocue', '85');
INSERT INTO public.ciudad (codigo, nombre, coddepartamento) VALUES ('85250', 'Paz de ariporo', '85');
INSERT INTO public.ciudad (codigo, nombre, coddepartamento) VALUES ('85263', 'Pore', '85');
INSERT INTO public.ciudad (codigo, nombre, coddepartamento) VALUES ('85279', 'Recetor', '85');
INSERT INTO public.ciudad (codigo, nombre, coddepartamento) VALUES ('85300', 'Sabanalarga', '85');
INSERT INTO public.ciudad (codigo, nombre, coddepartamento) VALUES ('85315', 'Sacama', '85');
INSERT INTO public.ciudad (codigo, nombre, coddepartamento) VALUES ('85325', 'San luis de palenque', '85');
INSERT INTO public.ciudad (codigo, nombre, coddepartamento) VALUES ('85400', 'Tamara', '85');
INSERT INTO public.ciudad (codigo, nombre, coddepartamento) VALUES ('85410', 'Tauramena', '85');
INSERT INTO public.ciudad (codigo, nombre, coddepartamento) VALUES ('85430', 'Trinidad', '85');
INSERT INTO public.ciudad (codigo, nombre, coddepartamento) VALUES ('85440', 'Villanueva', '85');
INSERT INTO public.ciudad (codigo, nombre, coddepartamento) VALUES ('86001', 'Mocoa', '86');
INSERT INTO public.ciudad (codigo, nombre, coddepartamento) VALUES ('86219', 'Colon', '86');
INSERT INTO public.ciudad (codigo, nombre, coddepartamento) VALUES ('86320', 'Orito', '86');
INSERT INTO public.ciudad (codigo, nombre, coddepartamento) VALUES ('86568', 'Puerto asis', '86');
INSERT INTO public.ciudad (codigo, nombre, coddepartamento) VALUES ('86569', 'Puerto caicedo', '86');
INSERT INTO public.ciudad (codigo, nombre, coddepartamento) VALUES ('86571', 'Puerto guzman', '86');
INSERT INTO public.ciudad (codigo, nombre, coddepartamento) VALUES ('86573', 'Puerto leguizamo', '86');
INSERT INTO public.ciudad (codigo, nombre, coddepartamento) VALUES ('86749', 'Sibundoy', '86');
INSERT INTO public.ciudad (codigo, nombre, coddepartamento) VALUES ('86755', 'San francisco', '86');
INSERT INTO public.ciudad (codigo, nombre, coddepartamento) VALUES ('86757', 'San miguel', '86');
INSERT INTO public.ciudad (codigo, nombre, coddepartamento) VALUES ('86760', 'Santiago', '86');
INSERT INTO public.ciudad (codigo, nombre, coddepartamento) VALUES ('86865', 'Valle del guamez-hormiga', '86');
INSERT INTO public.ciudad (codigo, nombre, coddepartamento) VALUES ('86885', 'Villagarzon', '86');
INSERT INTO public.ciudad (codigo, nombre, coddepartamento) VALUES ('88001', 'San andres', '88');
INSERT INTO public.ciudad (codigo, nombre, coddepartamento) VALUES ('88564', 'Providencia', '88');
INSERT INTO public.ciudad (codigo, nombre, coddepartamento) VALUES ('91001', 'Leticia', '91');
INSERT INTO public.ciudad (codigo, nombre, coddepartamento) VALUES ('91263', 'El encanto', '91');
INSERT INTO public.ciudad (codigo, nombre, coddepartamento) VALUES ('91405', 'La chorrera', '91');
INSERT INTO public.ciudad (codigo, nombre, coddepartamento) VALUES ('91407', 'La pedrera', '91');
INSERT INTO public.ciudad (codigo, nombre, coddepartamento) VALUES ('91460', 'Miriti-parana', '91');
INSERT INTO public.ciudad (codigo, nombre, coddepartamento) VALUES ('91540', 'Puerto nariño', '91');
INSERT INTO public.ciudad (codigo, nombre, coddepartamento) VALUES ('91669', 'Pto santander', '91');
INSERT INTO public.ciudad (codigo, nombre, coddepartamento) VALUES ('91798', 'Tarapaca', '91');
INSERT INTO public.ciudad (codigo, nombre, coddepartamento) VALUES ('94001', 'Inirida', '94');
INSERT INTO public.ciudad (codigo, nombre, coddepartamento) VALUES ('94343', 'Guaviare-barranco minas', '94');
INSERT INTO public.ciudad (codigo, nombre, coddepartamento) VALUES ('94883', 'San felipe', '94');
INSERT INTO public.ciudad (codigo, nombre, coddepartamento) VALUES ('94884', 'Puerto colombia', '94');
INSERT INTO public.ciudad (codigo, nombre, coddepartamento) VALUES ('94885', 'Guadalupe', '94');
INSERT INTO public.ciudad (codigo, nombre, coddepartamento) VALUES ('94886', 'Cacahual', '94');
INSERT INTO public.ciudad (codigo, nombre, coddepartamento) VALUES ('94887', 'Pana pana', '94');
INSERT INTO public.ciudad (codigo, nombre, coddepartamento) VALUES ('94888', 'Morichal nuevo', '94');
INSERT INTO public.ciudad (codigo, nombre, coddepartamento) VALUES ('95001', 'San jose del guaviare', '95');
INSERT INTO public.ciudad (codigo, nombre, coddepartamento) VALUES ('95015', 'Calamar', '95');
INSERT INTO public.ciudad (codigo, nombre, coddepartamento) VALUES ('95025', 'El retorno', '95');
INSERT INTO public.ciudad (codigo, nombre, coddepartamento) VALUES ('95200', 'Miraflores', '95');
INSERT INTO public.ciudad (codigo, nombre, coddepartamento) VALUES ('97001', 'Mitu', '97');
INSERT INTO public.ciudad (codigo, nombre, coddepartamento) VALUES ('97161', 'Caruru', '97');
INSERT INTO public.ciudad (codigo, nombre, coddepartamento) VALUES ('97511', 'Pacoa', '97');
INSERT INTO public.ciudad (codigo, nombre, coddepartamento) VALUES ('97555', 'Villa fatima', '97');
INSERT INTO public.ciudad (codigo, nombre, coddepartamento) VALUES ('97666', 'Taraira', '97');
INSERT INTO public.ciudad (codigo, nombre, coddepartamento) VALUES ('97777', 'Papunahua', '97');
INSERT INTO public.ciudad (codigo, nombre, coddepartamento) VALUES ('97888', 'Acaricuara', '97');
INSERT INTO public.ciudad (codigo, nombre, coddepartamento) VALUES ('97889', 'Yavarate', '97');
INSERT INTO public.ciudad (codigo, nombre, coddepartamento) VALUES ('99001', 'Puerto carreño', '99');
INSERT INTO public.ciudad (codigo, nombre, coddepartamento) VALUES ('99524', 'La primavera', '99');
INSERT INTO public.ciudad (codigo, nombre, coddepartamento) VALUES ('99572', 'Santa rita', '99');
INSERT INTO public.ciudad (codigo, nombre, coddepartamento) VALUES ('99624', 'Santa rosalia', '99');
INSERT INTO public.ciudad (codigo, nombre, coddepartamento) VALUES ('99760', 'San jose de ocune', '99');
INSERT INTO public.ciudad (codigo, nombre, coddepartamento) VALUES ('99773', 'Cumaribo', '99');
INSERT INTO public.ciudad (codigo, nombre, coddepartamento) VALUES ('99999', 'El cejal', '99');




create table empresa(
id serial primary key not null,
nit varchar(12) unique not null, 
nombre varchar(80) not null,
direccion varchar(80) not null,
telefono varchar(12) not null,
codciudad varchar REFERENCES ciudad(codigo) on delete restrict on update cascade not null,
email varchar(80) not null,
tipo char(1) not null
);

create table producto(
id serial primary key not null,
nombre varchar(80) not null,
stock integer not null,
stockminimo integer not null,
stockmaximo integer not null,
stockinicial integer not null,
valorunitario integer not null,
iva integer not null,
idempresa integer REFERENCES empresa(id) on delete restrict on update cascade not null,
idproveedor integer REFERENCES empresa(id) on delete restrict on update cascade not null,
disponible char(1) not null
);



create table sucursal(
id serial primary key not null,
nombre varchar(80) not null,
direccion varchar(80) not null,
telefono varchar(12),
codciudad varchar REFERENCES ciudad(codigo) on delete restrict on update cascade not null,
email varchar(80),
idempresa integer REFERENCES empresa(id) on delete restrict on update cascade not null
);

create table persona(
  identificacion varchar(12) primary key not null,
  nombres varchar(80) not null,
  apellidos varchar(80) not null,
  telefono varchar(12) null,
  email varchar(80) null,
  clave varchar(32) null,
  tipo char(1) not null,
  idempresa integer REFERENCES empresa(id) on delete restrict on update cascade null,
  idsucursal integer REFERENCES sucursal(id) on delete restrict on update cascade null
);

insert into persona values ('0', 'admin', 'sistema', null, null, md5('0'), 'A', null, null);

create table factura(
id serial primary key,
fecha timestamp not null,
fechaentrega timestamp,
idsucursal integer REFERENCES sucursal(id) on delete restrict on update cascade not null, 
estadofactura char(1) not null,
idvendedor varchar REFERENCES persona(identificacion) on delete restrict on update cascade not null,
identificacioncliente varchar REFERENCES persona(identificacion) on delete restrict on update cascade not null
);



create table facturaproducto(
id serial primary key not null,
idfactura integer REFERENCES factura(id) on delete restrict on update cascade not null, 
idproducto integer REFERENCES producto(id) on delete restrict on update cascade not null, 
cantidad integer not null,
iva integer not null,
valorunitario integer not null
);
